卫藏地区_zmbm101|བཀྲ་ཤིས་ཁྱོད་དྲང་མོ་ཤོད་ཟླ་འདི་དག་ལ་གང་ན་སོང་བ་ཡིན
卫藏地区_zmbm100|སངས་རྒྱས་ཆེན་པོ་ཁྱོད་ངའི་ལྷ་ཁང་ཆུང་ཆུང་འདིར་ཡོང་བའི་ཁོམ་པ་ཡོད་དམ
卫藏地区_zmbm99|སྒྲོལ་མ་ཁྱོད་ཡོང་བ་ཡིན་ནམ
卫藏地区_zmbm98|བཀྲ་ཤིས་ལམ་དུ་བདེ་མོ་ཡིན་ནམ
卫藏地区_zmbm97|བཀྲ་ཤིས་ཁྱོད་ཀྱི་ཨ་མ་ངོ་མ་གཞོན་པོ་རེད
卫藏地区_zmbm96|སྒྲོལ་མ་ཁྱོད་དེ་རིང་རྣམ་པ་ཡག་པོ་འདུག
卫藏地区_zmbm95|དགེ་རྒན་ཁྱོད་དེ་རིང་ངོ་མ་ཡག་གི
卫藏地区_zmbm94|མཚོ་མོ་ཁྱོད་ཀྱི་ངོ་གདོང་ཡག་པོ་འདུག
卫藏地区_zmbm93|ཨ་ཅེ་ཁྱོད་ཀྱིས་སྐྲ་ཚུགས་བརྗེ་བས་བལྟས་ཡོང་ན་ལོ་འགའ་ཡིས་གཞོན་པ་རེད
卫藏地区_zmbm92|བཀྲ་ཤིས་ཉེ་ལམ་གང་ན་ཡོད་དམ
卫藏地区_zmbm91|ཨ་རོག་ཡུན་རིང་མ་ཐུག
卫藏地区_zmbm90|དགེ་རྒན་ལགས་ཞོགས་པ་བདེ་ལེགས
卫藏地区_zmbm89|ཨ་དེ་རིང་ངོ་མ་འདུ་འཛི་ཆེ
卫藏地区_zmbm88|ཟླ་བ་གང་ལ་བུད་སོང
卫藏地区_zmbm87|འདི་ལྟར་འགྲོ་མི་ཐུབ་སྣུམ་ཟད་སོང་བ་ཡིན་ནམ
卫藏地区_zmbm86|ཁུག་མ་འདི་འདྲ་མང་པོ་དེ་རིང་མང་པོ་ཞིག་ཉོ་ཡོད་པ་འདྲ
卫藏地区_zmbm85|རླངས་འཁོར་འདི་འདྲ་བཟང་པོ་ཞིག་བཏང་ནས་མཚན་གཅིག་ལ་ཕྱུག་པོ་བྱུང་ཡོད་པ་འདྲ
卫藏地区_zmbm84|ཀོ་ལྷམ་འདི་འདྲའི་སྣུམ་པས་བྲོ་འཁྲབ་ཏུ་འགྲོ་རྒྱུ་ཡིན་ནམ
卫藏地区_zmbm83|འདི་འདྲ་ཡག་པོ་ཞིག་གྱོན་ནས་གཉེན་སློང་དུ་འགྲོ་རྒྱུ་ཡིན་ནམ
卫藏地区_zmbm82|གདོང་དཀར་པོར་གྱུར་འདུག་རྒྱ་ནག་ལ་སོང་པ་ཡིན་ནམ
卫藏地区_zmbm81|ངའི་མིག་ནང་དུ་བྱེ་མ་ཅུང་ཙམ་འཛུལ་ཡོད་པ་དེ་ཙམ་གསལ་པོ་མི་ཤེས
卫藏地区_zmbm80|ཉེ་ལམ་མིག་མདངས་ཅུང་མི་བཟང་མཐོང་ཡང་ཁ་ཡ་མི་བྱེད
卫藏地区_zmbm79|ཉེ་ལམ་གང་ན་བཞུགས་ཡོད
卫藏地区_zmbm78|ཅི་རེད་མི་དགའ་ས་ཅི་ཞིག་ཡོད་ན་ཤོད་ཚང་མ་དགའ་རུ་བཅུག
卫藏地区_zmbm77|ཉིན་འགའ་ལ་མིའི་གྲིབ་མ་མ་མཐོང་བར་ཡང་གང་ལ་སྐྱིད་པོ་བྱེད་དུ་བུད་སོང
卫藏地区_zmbm76|ཁྱོད་ཀྱི་གདོང་ལ་ལྟོས་དང་ཉེ་ལམ་ཉུང་ཉུང་མ་ཟོས་སམ
卫藏地区_zmbm75|ངའི་ཚབ་བྱས་ནས་ཁྱོད་ཀྱི་རྒན་རབས་པར་འཚམས་འདྲི་ཞིག་བྱེད
卫藏地区_zmbm74|དངོས་པོ་ཚང་མ་འཛོམས་ཡོད་དམ
卫藏地区_zmbm73|ཅ་ལག་འཁྱེར་རྒྱུ་མ་བརྗེད
卫藏地区_zmbm72|སང་ཉིན་དུས་ཐོག་ཏུ་ཤོག
卫藏地区_zmbm71|ཁོ་ལ་གསལ་འདེབས་བྱེད་རྒྱུ་མ་བརྗེད
卫藏地区_zmbm70|སླེབས་རྗེས་ང་ལ་ཁ་པར་གཏོང་རྒྱུ་མ་བརྗེད
卫藏地区_zmbm69|སང་ཉིན་གྱི་དོན་དག་མ་བརྗེད
卫藏地区_zmbm68|དེ་རིང་ཁྱོད་དཀའ་ལས་ཁག་སོང
卫藏地区_zmbm67|ལམ་དུ་གཟབ་གཟབ་བྱོས
卫藏地区_zmbm66|ཐེངས་རྗེས་མ་ཡོང
卫藏地区_zmbm65|ལམ་བདེ
卫藏地区_zmbm64|ཕེབས་པར་བཀའ་དྲིན་ཆེ
卫藏地区_zmbm63|ད་དུང་ཅུང་ཙམ་སྡོད་དམ
卫藏地区_zmbm62|ཐེངས་རྗེས་མ་བཤད
卫藏地区_zmbm61|ཁྱོད་ཡོང་བར་བཀའ་དྲིན་ཆེ་ང་ངོ་མ་དགའ་བྱུང
卫藏地区_zmbm60|བཀའ་དྲིན་ཆེ
卫藏地区_zmbm59|ག་ལེར་ཕེབས
卫藏地区_zmbm58|ཚེ་རིང
卫藏地区_zmbm57|ནང་དུ་ཤོག་ཚང་མ་ཇ་འཐུང
卫藏地区_zmbm56|ལམ་བར་དུ་དཀའ་ལས་ཁག་སོང
卫藏地区_zmbm55|ཕེབས་པར་དགའ་བསུ་ཞུ་མི་ག་ཚོད་ཡོད
卫藏地区_zmbm54|ངེད་ཚང་ལ་ཕེབས་པར་དགའ་བསུ་ཞུ་ཚང་མས་གང་འདོད་བྱོས
卫藏地区_zmbm53|ངོ་བསྟོད་བྱས་པར་བཀའ་དྲིན་ཆེ་ནང་དུ་ཤོག་དང་ནང་དུ་ཤོག
卫藏地区_zmbm52|ཁྱོད་གཞི་ནས་ཡོང་བ་རེད
卫藏地区_zmbm51|ཁྱོད་གཞི་ནས་ཡོང་བ་རེད
卫藏地区_zmbm50|མཚོ་མོ་ཁྱོད་ཀྱི་སྐྱེས་གཟུགས་ཇེ་ཡག་ནས་ཇེ་ཡག་རེད
卫藏地区_zmbm49|ངའི་ཁྱོད་ལ་དོན་དག་ཅིག་འདྲི་འདོད
卫藏地区_zmbm48|མུ་མཐུད་དུ་འབད་པ་བྱོས
卫藏地区_zmbm47|དོན་དག་འདི་ཁྱོད་ཀྱིས་སྒྲུབ་པ་ཧ་ཅང་ནན་ཏན་རེད
卫藏地区_zmbm46|ཁྱོད་ཉེ་ལམ་ཅི་ཞིག་ལས་བཞིན་ཡོད
卫藏地区_zmbm45|ཁྱོད་ཀྱིས་འབད་པ་དེ་ཙམ་བྱས་ན་རྗེས་ཕྱོགས་མདུན་ལམ་ཡོད་ཁོ་ཐག་ཡིན
卫藏地区_zmbm44|གཟིགས་སྐྱོང་མང་ཙམ་གནང་རོགས
卫藏地区_zmbm43|ཁྱོད་ལ་བཀྲ་ཤིས་བདེ་ལེགས་ཞུ
卫藏地区_zmbm42|ཐེངས་འདིར་ཨང་དང་པོ་བླངས་ངེད་ཚང་གི་བཀྲ་ཤིས་ངོ་མ་སྤྱང་གྲུང་ལྡན
卫藏地区_zmbm41|འདི་འདྲའི་སྔ་མོ་ཞིག་ལ་སློབ་ཁང་དུ་དཔེ་ཆ་བློ་འཛིན་དུ་ཡོང་བ་ཡིན་ནམ་ཡག་པོ་འདུག་མུ་མཐུད་དུ་འབད་པ་བྱོས
卫藏地区_zmbm40|གློག་བརྙན་གསར་པ་ཧ་ཅང་སེམས་འགུལ་ཐེབས་པ་ཞིག་རེད་མི་གྲགས་ཅན་གྱི་འཁྲབ་ཁྲིད་པའི་བརྩམས་ཆས་ཀྱིས་མི་ལ་ཡིད་ཆད་དུ་འཇུག་མི་སྲིད
卫藏地区_zmbm39|བྱིས་པ་འདི་ངོ་མ་སྙིང་རྗེ་མོ་འདུག
卫藏地区_zmbm38|ཁྱོད་ཀྱིས་ཉེ་ལམ་སློབ་སྦྱོང་ལ་འབད་པ་བྱེད་ཀྱིན་ཡོད་དམ
卫藏地区_zmbm37|ཁྱོད་འདི་འདྲ་ཕྱི་པོ་ད་དུང་ལས་ཚོགས་གྲོལ་མེད་དམ་ལས་ཀའི་རྣམ་འགྱུར་ཧ་ཅང་ཧུར་བརྩོན་རེད
卫藏地区_zmbm36|ཁྱོད་ངོ་མ་གྲུང་པོ་རེད
卫藏地区_zmbm35|ཞྭ་མོ་འདི་ངོ་མ་ཁྱོད་ལ་འཚམ
卫藏地区_zmbm34|གློག་བརྙན་འདི་ཡག་པོ་འདུག
卫藏地区_zmbm33|ཟ་ཁང་འདི་སྐད་གྲགས་ཆེན་པོ་འདུག
卫藏地区_zmbm32|ད་ལོའི་གྲོ་སྐྱེས་པ་ཧ་ཅང་བཟང
卫藏地区_zmbm31|ཆུ་འདི་ངོ་མ་དྭངས་མོ་རེད
卫藏地区_zmbm30|ཁྱོད་ཀྱི་བྱིས་པ་ཐེངས་འདི་ཡང་ཨང་དང་པོ་ཡིན་ནམ
卫藏地区_zmbm29|མགོ་ཡང་ན་བྱུང་ངམ
卫藏地区_zmbm28|འདི་རུ་གྲལ་སྒྲིག་པའི་མི་ཧ་ཅང་མང
卫藏地区_zmbm27|བརྙན་འཕྲིན་ལ་ལྟ་བཞིན་ཡོད་དམ
卫藏地区_zmbm26|དེ་རིང་གི་གནམ་གཤིས་ངོ་མ་བཟང་གི
卫藏地区_zmbm25|ཁྱོད་ཀྱི་ལུས་ཕུང་མི་བདེ་ངམ
卫藏地区_zmbm24|མདང་དགོང་གཉིད་པ་བཟང་ངམ
卫藏地区_zmbm23|ཁྱིམ་མི་ཚང་མ་བདེ་མོ་ཡིན་ནམ
卫藏地区_zmbm22|ཉེ་ལམ་བདེ་མོ་ཡིན་ནམ
卫藏地区_zmbm21|གཟུགས་པོ་ག་འདྲ་འདུག
卫藏地区_zmbm20|ལས་བྱ་དྲིས་ཚར་རམ
卫藏地区_zmbm19|ཁྱོད་གང་དུ་འགྲོ
卫藏地区_zmbm18|ཟ་མ་ཟས་སམ
卫藏地区_zmbm17|ཁྱོད་དང་འཕྲད་པ་དགའ་པོ་བྱུང
卫藏地区_zmbm16|ཡུན་རིང་མ་ཐུག
卫藏地区_zmbm15|བཀྲ་ཤིས་བདེ་ལེགས
卫藏地区_zmbm14|གཉིད་སྐྱིད
卫藏地区_zmbm13|ཉིན་གུང་བདེ་ལེགས
卫藏地区_zmbm12|དགོང་མོ་བདེ་ལེགས
卫藏地区_zmbm11|ཞོགས་པ་བདེ་ལེགས
卫藏地区_zmbm10|ཀྱེ
卫藏地区_zmbm9|ཚང་མ་ཁམས་བཟང
卫藏地区_zmbm8|རྨོ་ལགས་ཁམས་བཟང
卫藏地区_zmbm7|སློབ་གྲོགས་ཚོ་ཁམས་བཟང
卫藏地区_zmbm6|འགོ་ཁྲིད་རྣམ་པ
卫藏地区_zmbm5|གཅེན་མོ
卫藏地区_zmbm4|གཅེན་པོ
卫藏地区_zmbm3|སྤོ་ལགས
卫藏地区_zmbm2|རྒན་ལགས་ཁམས་བཟང
卫藏地区_zmbm1|ཁམས་བཟང
卫藏地区_awtq101|བཀྲ་ཤིས་ཁྱོད་དྲང་མོ་ཤོད་ཟླ་འདི་དག་ལ་གང་ན་སོང་བ་ཡིན
卫藏地区_awtq100|སངས་རྒྱས་ཆེན་པོ་ཁྱོད་ངའི་ལྷ་ཁང་ཆུང་ཆུང་འདིར་ཡོང་བའི་ཁོམ་པ་ཡོད་དམ
卫藏地区_awtq99|སྒྲོལ་མ་ཁྱོད་ཡོང་བ་ཡིན་ནམ
卫藏地区_awtq98|བཀྲ་ཤིས་ལམ་དུ་བདེ་མོ་ཡིན་ནམ
卫藏地区_awtq97|བཀྲ་ཤིས་ཁྱོད་ཀྱི་ཨ་མ་ངོ་མ་གཞོན་པོ་རེད
卫藏地区_awtq96|སྒྲོལ་མ་ཁྱོད་དེ་རིང་རྣམ་པ་ཡག་པོ་འདུག
卫藏地区_awtq95|དགེ་རྒན་ཁྱོད་དེ་རིང་ངོ་མ་ཡག་གི
卫藏地区_awtq94|མཚོ་མོ་ཁྱོད་ཀྱི་ངོ་གདོང་ཡག་པོ་འདུག
卫藏地区_awtq93|ཨ་ཅེ་ཁྱོད་ཀྱིས་སྐྲ་ཚུགས་བརྗེ་བས་བལྟས་ཡོང་ན་ལོ་འགའ་ཡིས་གཞོན་པ་རེད
卫藏地区_awtq92|བཀྲ་ཤིས་ཉེ་ལམ་གང་ན་ཡོད་དམ
卫藏地区_awtq91|ཨ་རོག་ཡུན་རིང་མ་ཐུག
卫藏地区_awtq90|དགེ་རྒན་ལགས་ཞོགས་པ་བདེ་ལེགས
卫藏地区_awtq89|ཨ་དེ་རིང་ངོ་མ་འདུ་འཛི་ཆེ
卫藏地区_awtq88|ཟླ་བ་གང་ལ་བུད་སོང
卫藏地区_awtq87|འདི་ལྟར་འགྲོ་མི་ཐུབ་སྣུམ་ཟད་སོང་བ་ཡིན་ནམ
卫藏地区_awtq86|ཁུག་མ་འདི་འདྲ་མང་པོ་དེ་རིང་མང་པོ་ཞིག་ཉོ་ཡོད་པ་འདྲ
卫藏地区_awtq85|རླངས་འཁོར་འདི་འདྲ་བཟང་པོ་ཞིག་བཏང་ནས་མཚན་གཅིག་ལ་ཕྱུག་པོ་བྱུང་ཡོད་པ་འདྲ
卫藏地区_awtq84|ཀོ་ལྷམ་འདི་འདྲའི་སྣུམ་པས་བྲོ་འཁྲབ་ཏུ་འགྲོ་རྒྱུ་ཡིན་ནམ
卫藏地区_awtq83|འདི་འདྲ་ཡག་པོ་ཞིག་གྱོན་ནས་གཉེན་སློང་དུ་འགྲོ་རྒྱུ་ཡིན་ནམ
卫藏地区_awtq82|གདོང་དཀར་པོར་གྱུར་འདུག་རྒྱ་ནག་ལ་སོང་པ་ཡིན་ནམ
卫藏地区_awtq81|ངའི་མིག་ནང་དུ་བྱེ་མ་ཅུང་ཙམ་འཛུལ་ཡོད་པ་དེ་ཙམ་གསལ་པོ་མི་ཤེས
卫藏地区_awtq80|ཉེ་ལམ་མིག་མདངས་ཅུང་མི་བཟང་མཐོང་ཡང་ཁ་ཡ་མི་བྱེད
卫藏地区_awtq79|ཉེ་ལམ་གང་ན་བཞུགས་ཡོད
卫藏地区_awtq78|ཅི་རེད་མི་དགའ་ས་ཅི་ཞིག་ཡོད་ན་ཤོད་ཚང་མ་དགའ་རུ་བཅུག
卫藏地区_awtq77|ཉིན་འགའ་ལ་མིའི་གྲིབ་མ་མ་མཐོང་བར་ཡང་གང་ལ་སྐྱིད་པོ་བྱེད་དུ་བུད་སོང
卫藏地区_awtq76|ཁྱོད་ཀྱི་གདོང་ལ་ལྟོས་དང་ཉེ་ལམ་ཉུང་ཉུང་མ་ཟོས་སམ
卫藏地区_awtq75|ངའི་ཚབ་བྱས་ནས་ཁྱོད་ཀྱི་རྒན་རབས་པར་འཚམས་འདྲི་ཞིག་བྱེད
卫藏地区_awtq74|དངོས་པོ་ཚང་མ་འཛོམས་ཡོད་དམ
卫藏地区_awtq73|ཅ་ལག་འཁྱེར་རྒྱུ་མ་བརྗེད
卫藏地区_awtq72|སང་ཉིན་དུས་ཐོག་ཏུ་ཤོག
卫藏地区_awtq71|ཁོ་ལ་གསལ་འདེབས་བྱེད་རྒྱུ་མ་བརྗེད
卫藏地区_awtq70|སླེབས་རྗེས་ང་ལ་ཁ་པར་གཏོང་རྒྱུ་མ་བརྗེད
卫藏地区_awtq69|སང་ཉིན་གྱི་དོན་དག་མ་བརྗེད
卫藏地区_awtq68|དེ་རིང་ཁྱོད་དཀའ་ལས་ཁག་སོང
卫藏地区_awtq67|ལམ་དུ་གཟབ་གཟབ་བྱོས
卫藏地区_awtq66|ཐེངས་རྗེས་མ་ཡོང
卫藏地区_awtq65|ལམ་བདེ
卫藏地区_awtq64|ཕེབས་པར་བཀའ་དྲིན་ཆེ
卫藏地区_awtq63|ད་དུང་ཅུང་ཙམ་སྡོད་དམ
卫藏地区_awtq62|ཐེངས་རྗེས་མ་བཤད
卫藏地区_awtq61|ཁྱོད་ཡོང་བར་བཀའ་དྲིན་ཆེ་ང་ངོ་མ་དགའ་བྱུང
卫藏地区_awtq60|བཀའ་དྲིན་ཆེ
卫藏地区_awtq59|ག་ལེར་ཕེབས
卫藏地区_awtq58|ཚེ་རིང
卫藏地区_awtq57|ནང་དུ་ཤོག་ཚང་མ་ཇ་འཐུང
卫藏地区_awtq56|ལམ་བར་དུ་དཀའ་ལས་ཁག་སོང
卫藏地区_awtq55|ཕེབས་པར་དགའ་བསུ་ཞུ་མི་ག་ཚོད་ཡོད
卫藏地区_awtq54|ངེད་ཚང་ལ་ཕེབས་པར་དགའ་བསུ་ཞུ་ཚང་མས་གང་འདོད་བྱོས
卫藏地区_awtq53|ངོ་བསྟོད་བྱས་པར་བཀའ་དྲིན་ཆེ་ནང་དུ་ཤོག་དང་ནང་དུ་ཤོག
卫藏地区_awtq52|ཁྱོད་གཞི་ནས་ཡོང་བ་རེད
卫藏地区_awtq51|ཁྱོད་གཞི་ནས་ཡོང་བ་རེད
卫藏地区_awtq50|མཚོ་མོ་ཁྱོད་ཀྱི་སྐྱེས་གཟུགས་ཇེ་ཡག་ནས་ཇེ་ཡག་རེད
卫藏地区_awtq49|ངའི་ཁྱོད་ལ་དོན་དག་ཅིག་འདྲི་འདོད
卫藏地区_awtq48|མུ་མཐུད་དུ་འབད་པ་བྱོས
卫藏地区_awtq47|དོན་དག་འདི་ཁྱོད་ཀྱིས་སྒྲུབ་པ་ཧ་ཅང་ནན་ཏན་རེད
卫藏地区_awtq46|ཁྱོད་ཉེ་ལམ་ཅི་ཞིག་ལས་བཞིན་ཡོད
卫藏地区_awtq45|ཁྱོད་ཀྱིས་འབད་པ་དེ་ཙམ་བྱས་ན་རྗེས་ཕྱོགས་མདུན་ལམ་ཡོད་ཁོ་ཐག་ཡིན
卫藏地区_awtq44|གཟིགས་སྐྱོང་མང་ཙམ་གནང་རོགས
卫藏地区_awtq43|ཁྱོད་ལ་བཀྲ་ཤིས་བདེ་ལེགས་ཞུ
卫藏地区_awtq42|ཐེངས་འདིར་ཨང་དང་པོ་བླངས་ངེད་ཚང་གི་བཀྲ་ཤིས་ངོ་མ་སྤྱང་གྲུང་ལྡན
卫藏地区_awtq41|འདི་འདྲའི་སྔ་མོ་ཞིག་ལ་སློབ་ཁང་དུ་དཔེ་ཆ་བློ་འཛིན་དུ་ཡོང་བ་ཡིན་ནམ་ཡག་པོ་འདུག་མུ་མཐུད་དུ་འབད་པ་བྱོས
卫藏地区_awtq40|གློག་བརྙན་གསར་པ་ཧ་ཅང་སེམས་འགུལ་ཐེབས་པ་ཞིག་རེད་མི་གྲགས་ཅན་གྱི་འཁྲབ་ཁྲིད་པའི་བརྩམས་ཆས་ཀྱིས་མི་ལ་ཡིད་ཆད་དུ་འཇུག་མི་སྲིད
卫藏地区_awtq39|བྱིས་པ་འདི་ངོ་མ་སྙིང་རྗེ་མོ་འདུག
卫藏地区_awtq38|ཁྱོད་ཀྱིས་ཉེ་ལམ་སློབ་སྦྱོང་ལ་འབད་པ་བྱེད་ཀྱིན་ཡོད་དམ
卫藏地区_awtq37|ཁྱོད་འདི་འདྲ་ཕྱི་པོ་ད་དུང་ལས་ཚོགས་གྲོལ་མེད་དམ་ལས་ཀའི་རྣམ་འགྱུར་ཧ་ཅང་ཧུར་བརྩོན་རེད
卫藏地区_awtq36|ཁྱོད་ངོ་མ་གྲུང་པོ་རེད
卫藏地区_awtq35|ཞྭ་མོ་འདི་ངོ་མ་ཁྱོད་ལ་འཚམ
卫藏地区_awtq34|གློག་བརྙན་འདི་ཡག་པོ་འདུག
卫藏地区_awtq33|ཟ་ཁང་འདི་སྐད་གྲགས་ཆེན་པོ་འདུག
卫藏地区_awtq32|ད་ལོའི་གྲོ་སྐྱེས་པ་ཧ་ཅང་བཟང
卫藏地区_awtq31|ཆུ་འདི་ངོ་མ་དྭངས་མོ་རེད
卫藏地区_awtq30|ཁྱོད་ཀྱི་བྱིས་པ་ཐེངས་འདི་ཡང་ཨང་དང་པོ་ཡིན་ནམ
卫藏地区_awtq29|མགོ་ཡང་ན་བྱུང་ངམ
卫藏地区_awtq28|འདི་རུ་གྲལ་སྒྲིག་པའི་མི་ཧ་ཅང་མང
卫藏地区_awtq27|བརྙན་འཕྲིན་ལ་ལྟ་བཞིན་ཡོད་དམ
卫藏地区_awtq26|དེ་རིང་གི་གནམ་གཤིས་ངོ་མ་བཟང་གི
卫藏地区_awtq25|ཁྱོད་ཀྱི་ལུས་ཕུང་མི་བདེ་ངམ
卫藏地区_awtq24|མདང་དགོང་གཉིད་པ་བཟང་ངམ
卫藏地区_awtq23|ཁྱིམ་མི་ཚང་མ་བདེ་མོ་ཡིན་ནམ
卫藏地区_awtq22|ཉེ་ལམ་བདེ་མོ་ཡིན་ནམ
卫藏地区_awtq21|གཟུགས་པོ་ག་འདྲ་འདུག
卫藏地区_awtq20|ལས་བྱ་དྲིས་ཚར་རམ
卫藏地区_awtq19|ཁྱོད་གང་དུ་འགྲོ
卫藏地区_awtq18|ཟ་མ་ཟས་སམ
卫藏地区_awtq17|ཁྱོད་དང་འཕྲད་པ་དགའ་པོ་བྱུང
卫藏地区_awtq16|ཡུན་རིང་མ་ཐུག
卫藏地区_awtq15|བཀྲ་ཤིས་བདེ་ལེགས
卫藏地区_awtq14|གཉིད་སྐྱིད
卫藏地区_awtq13|ཉིན་གུང་བདེ་ལེགས
卫藏地区_awtq12|དགོང་མོ་བདེ་ལེགས
卫藏地区_awtq11|ཞོགས་པ་བདེ་ལེགས
卫藏地区_awtq10|ཀྱེ
卫藏地区_awtq9|ཚང་མ་ཁམས་བཟང
卫藏地区_awtq8|རྨོ་ལགས་ཁམས་བཟང
卫藏地区_awtq7|སློབ་གྲོགས་ཚོ་ཁམས་བཟང
卫藏地区_awtq6|འགོ་ཁྲིད་རྣམ་པ
卫藏地区_awtq5|གཅེན་མོ
卫藏地区_awtq4|གཅེན་པོ
卫藏地区_awtq3|སྤོ་ལགས
卫藏地区_awtq2|རྒན་ལགས་ཁམས་བཟང
卫藏地区_awtq1|ཁམས་བཟང
卫藏地区_pyj101|བཀྲ་ཤིས་ཁྱོད་དྲང་མོ་ཤོད་ཟླ་འདི་དག་ལ་གང་ན་སོང་བ་ཡིན
卫藏地区_pyj100|སངས་རྒྱས་ཆེན་པོ་ཁྱོད་ངའི་ལྷ་ཁང་ཆུང་ཆུང་འདིར་ཡོང་བའི་ཁོམ་པ་ཡོད་དམ
卫藏地区_pyj99|སྒྲོལ་མ་ཁྱོད་ཡོང་བ་ཡིན་ནམ
卫藏地区_pyj98|བཀྲ་ཤིས་ལམ་དུ་བདེ་མོ་ཡིན་ནམ
卫藏地区_pyj97|བཀྲ་ཤིས་ཁྱོད་ཀྱི་ཨ་མ་ངོ་མ་གཞོན་པོ་རེད
卫藏地区_pyj96|སྒྲོལ་མ་ཁྱོད་དེ་རིང་རྣམ་པ་ཡག་པོ་འདུག
卫藏地区_pyj95|དགེ་རྒན་ཁྱོད་དེ་རིང་ངོ་མ་ཡག་གི
卫藏地区_pyj94|མཚོ་མོ་ཁྱོད་ཀྱི་ངོ་གདོང་ཡག་པོ་འདུག
卫藏地区_pyj93|ཨ་ཅེ་ཁྱོད་ཀྱིས་སྐྲ་ཚུགས་བརྗེ་བས་བལྟས་ཡོང་ན་ལོ་འགའ་ཡིས་གཞོན་པ་རེད
卫藏地区_pyj92|བཀྲ་ཤིས་ཉེ་ལམ་གང་ན་ཡོད་དམ
卫藏地区_pyj91|ཨ་རོག་ཡུན་རིང་མ་ཐུག
卫藏地区_pyj90|དགེ་རྒན་ལགས་ཞོགས་པ་བདེ་ལེགས
卫藏地区_pyj89|ཨ་དེ་རིང་ངོ་མ་འདུ་འཛི་ཆེ
卫藏地区_pyj88|ཟླ་བ་གང་ལ་བུད་སོང
卫藏地区_pyj87|འདི་ལྟར་འགྲོ་མི་ཐུབ་སྣུམ་ཟད་སོང་བ་ཡིན་ནམ
卫藏地区_pyj86|ཁུག་མ་འདི་འདྲ་མང་པོ་དེ་རིང་མང་པོ་ཞིག་ཉོ་ཡོད་པ་འདྲ
卫藏地区_pyj85|རླངས་འཁོར་འདི་འདྲ་བཟང་པོ་ཞིག་བཏང་ནས་མཚན་གཅིག་ལ་ཕྱུག་པོ་བྱུང་ཡོད་པ་འདྲ
卫藏地区_pyj84|ཀོ་ལྷམ་འདི་འདྲའི་སྣུམ་པས་བྲོ་འཁྲབ་ཏུ་འགྲོ་རྒྱུ་ཡིན་ནམ
卫藏地区_pyj83|འདི་འདྲ་ཡག་པོ་ཞིག་གྱོན་ནས་གཉེན་སློང་དུ་འགྲོ་རྒྱུ་ཡིན་ནམ
卫藏地区_pyj82|གདོང་དཀར་པོར་གྱུར་འདུག་རྒྱ་ནག་ལ་སོང་པ་ཡིན་ནམ
卫藏地区_pyj81|ངའི་མིག་ནང་དུ་བྱེ་མ་ཅུང་ཙམ་འཛུལ་ཡོད་པ་དེ་ཙམ་གསལ་པོ་མི་ཤེས
卫藏地区_pyj80|ཉེ་ལམ་མིག་མདངས་ཅུང་མི་བཟང་མཐོང་ཡང་ཁ་ཡ་མི་བྱེད
卫藏地区_pyj79|ཉེ་ལམ་གང་ན་བཞུགས་ཡོད
卫藏地区_pyj78|ཅི་རེད་མི་དགའ་ས་ཅི་ཞིག་ཡོད་ན་ཤོད་ཚང་མ་དགའ་རུ་བཅུག
卫藏地区_pyj77|ཉིན་འགའ་ལ་མིའི་གྲིབ་མ་མ་མཐོང་བར་ཡང་གང་ལ་སྐྱིད་པོ་བྱེད་དུ་བུད་སོང
卫藏地区_pyj76|ཁྱོད་ཀྱི་གདོང་ལ་ལྟོས་དང་ཉེ་ལམ་ཉུང་ཉུང་མ་ཟོས་སམ
卫藏地区_pyj75|ངའི་ཚབ་བྱས་ནས་ཁྱོད་ཀྱི་རྒན་རབས་པར་འཚམས་འདྲི་ཞིག་བྱེད
卫藏地区_pyj74|དངོས་པོ་ཚང་མ་འཛོམས་ཡོད་དམ
卫藏地区_pyj73|ཅ་ལག་འཁྱེར་རྒྱུ་མ་བརྗེད
卫藏地区_pyj72|སང་ཉིན་དུས་ཐོག་ཏུ་ཤོག
卫藏地区_pyj71|ཁོ་ལ་གསལ་འདེབས་བྱེད་རྒྱུ་མ་བརྗེད
卫藏地区_pyj70|སླེབས་རྗེས་ང་ལ་ཁ་པར་གཏོང་རྒྱུ་མ་བརྗེད
卫藏地区_pyj69|སང་ཉིན་གྱི་དོན་དག་མ་བརྗེད
卫藏地区_pyj68|དེ་རིང་ཁྱོད་དཀའ་ལས་ཁག་སོང
卫藏地区_pyj67|ལམ་དུ་གཟབ་གཟབ་བྱོས
卫藏地区_pyj66|ཐེངས་རྗེས་མ་ཡོང
卫藏地区_pyj65|ལམ་བདེ
卫藏地区_pyj64|ཕེབས་པར་བཀའ་དྲིན་ཆེ
卫藏地区_pyj63|ད་དུང་ཅུང་ཙམ་སྡོད་དམ
卫藏地区_pyj62|ཐེངས་རྗེས་མ་བཤད
卫藏地区_pyj61|ཁྱོད་ཡོང་བར་བཀའ་དྲིན་ཆེ་ང་ངོ་མ་དགའ་བྱུང
卫藏地区_pyj60|བཀའ་དྲིན་ཆེ
卫藏地区_pyj59|ག་ལེར་ཕེབས
卫藏地区_pyj58|ཚེ་རིང
卫藏地区_pyj57|ནང་དུ་ཤོག་ཚང་མ་ཇ་འཐུང
卫藏地区_pyj56|ལམ་བར་དུ་དཀའ་ལས་ཁག་སོང
卫藏地区_pyj55|ཕེབས་པར་དགའ་བསུ་ཞུ་མི་ག་ཚོད་ཡོད
卫藏地区_pyj54|ངེད་ཚང་ལ་ཕེབས་པར་དགའ་བསུ་ཞུ་ཚང་མས་གང་འདོད་བྱོས
卫藏地区_pyj53|ངོ་བསྟོད་བྱས་པར་བཀའ་དྲིན་ཆེ་ནང་དུ་ཤོག་དང་ནང་དུ་ཤོག
卫藏地区_pyj52|ཁྱོད་གཞི་ནས་ཡོང་བ་རེད
卫藏地区_pyj51|ཁྱོད་གཞི་ནས་ཡོང་བ་རེད
卫藏地区_pyj50|མཚོ་མོ་ཁྱོད་ཀྱི་སྐྱེས་གཟུགས་ཇེ་ཡག་ནས་ཇེ་ཡག་རེད
卫藏地区_pyj49|ངའི་ཁྱོད་ལ་དོན་དག་ཅིག་འདྲི་འདོད
卫藏地区_pyj48|མུ་མཐུད་དུ་འབད་པ་བྱོས
卫藏地区_pyj47|དོན་དག་འདི་ཁྱོད་ཀྱིས་སྒྲུབ་པ་ཧ་ཅང་ནན་ཏན་རེད
卫藏地区_pyj46|ཁྱོད་ཉེ་ལམ་ཅི་ཞིག་ལས་བཞིན་ཡོད
卫藏地区_pyj45|ཁྱོད་ཀྱིས་འབད་པ་དེ་ཙམ་བྱས་ན་རྗེས་ཕྱོགས་མདུན་ལམ་ཡོད་ཁོ་ཐག་ཡིན
卫藏地区_pyj44|གཟིགས་སྐྱོང་མང་ཙམ་གནང་རོགས
卫藏地区_pyj43|ཁྱོད་ལ་བཀྲ་ཤིས་བདེ་ལེགས་ཞུ
卫藏地区_pyj42|ཐེངས་འདིར་ཨང་དང་པོ་བླངས་ངེད་ཚང་གི་བཀྲ་ཤིས་ངོ་མ་སྤྱང་གྲུང་ལྡན
卫藏地区_pyj41|འདི་འདྲའི་སྔ་མོ་ཞིག་ལ་སློབ་ཁང་དུ་དཔེ་ཆ་བློ་འཛིན་དུ་ཡོང་བ་ཡིན་ནམ་ཡག་པོ་འདུག་མུ་མཐུད་དུ་འབད་པ་བྱོས
卫藏地区_pyj40|གློག་བརྙན་གསར་པ་ཧ་ཅང་སེམས་འགུལ་ཐེབས་པ་ཞིག་རེད་མི་གྲགས་ཅན་གྱི་འཁྲབ་ཁྲིད་པའི་བརྩམས་ཆས་ཀྱིས་མི་ལ་ཡིད་ཆད་དུ་འཇུག་མི་སྲིད
卫藏地区_pyj39|བྱིས་པ་འདི་ངོ་མ་སྙིང་རྗེ་མོ་འདུག
卫藏地区_pyj38|ཁྱོད་ཀྱིས་ཉེ་ལམ་སློབ་སྦྱོང་ལ་འབད་པ་བྱེད་ཀྱིན་ཡོད་དམ
卫藏地区_pyj37|ཁྱོད་འདི་འདྲ་ཕྱི་པོ་ད་དུང་ལས་ཚོགས་གྲོལ་མེད་དམ་ལས་ཀའི་རྣམ་འགྱུར་ཧ་ཅང་ཧུར་བརྩོན་རེད
卫藏地区_pyj36|ཁྱོད་ངོ་མ་གྲུང་པོ་རེད
卫藏地区_pyj35|ཞྭ་མོ་འདི་ངོ་མ་ཁྱོད་ལ་འཚམ
卫藏地区_pyj34|གློག་བརྙན་འདི་ཡག་པོ་འདུག
卫藏地区_pyj33|ཟ་ཁང་འདི་སྐད་གྲགས་ཆེན་པོ་འདུག
卫藏地区_pyj32|ད་ལོའི་གྲོ་སྐྱེས་པ་ཧ་ཅང་བཟང
卫藏地区_pyj31|ཆུ་འདི་ངོ་མ་དྭངས་མོ་རེད
卫藏地区_pyj30|ཁྱོད་ཀྱི་བྱིས་པ་ཐེངས་འདི་ཡང་ཨང་དང་པོ་ཡིན་ནམ
卫藏地区_pyj29|མགོ་ཡང་ན་བྱུང་ངམ
卫藏地区_pyj28|འདི་རུ་གྲལ་སྒྲིག་པའི་མི་ཧ་ཅང་མང
卫藏地区_pyj27|བརྙན་འཕྲིན་ལ་ལྟ་བཞིན་ཡོད་དམ
卫藏地区_pyj26|དེ་རིང་གི་གནམ་གཤིས་ངོ་མ་བཟང་གི
卫藏地区_pyj25|ཁྱོད་ཀྱི་ལུས་ཕུང་མི་བདེ་ངམ
卫藏地区_pyj24|མདང་དགོང་གཉིད་པ་བཟང་ངམ
卫藏地区_pyj23|ཁྱིམ་མི་ཚང་མ་བདེ་མོ་ཡིན་ནམ
卫藏地区_pyj22|ཉེ་ལམ་བདེ་མོ་ཡིན་ནམ
卫藏地区_pyj21|གཟུགས་པོ་ག་འདྲ་འདུག
卫藏地区_pyj20|ལས་བྱ་དྲིས་ཚར་རམ
卫藏地区_pyj19|ཁྱོད་གང་དུ་འགྲོ
卫藏地区_pyj18|ཟ་མ་ཟས་སམ
卫藏地区_pyj17|ཁྱོད་དང་འཕྲད་པ་དགའ་པོ་བྱུང
卫藏地区_pyj16|ཡུན་རིང་མ་ཐུག
卫藏地区_pyj15|བཀྲ་ཤིས་བདེ་ལེགས
卫藏地区_pyj14|གཉིད་སྐྱིད
卫藏地区_pyj13|ཉིན་གུང་བདེ་ལེགས
卫藏地区_pyj12|དགོང་མོ་བདེ་ལེགས
卫藏地区_pyj11|ཞོགས་པ་བདེ་ལེགས
卫藏地区_pyj10|ཀྱེ
卫藏地区_pyj9|ཚང་མ་ཁམས་བཟང
卫藏地区_pyj8|རྨོ་ལགས་ཁམས་བཟང
卫藏地区_pyj7|སློབ་གྲོགས་ཚོ་ཁམས་བཟང
卫藏地区_pyj6|འགོ་ཁྲིད་རྣམ་པ
卫藏地区_pyj5|གཅེན་མོ
卫藏地区_pyj4|གཅེན་པོ
卫藏地区_pyj3|སྤོ་ལགས
卫藏地区_pyj2|རྒན་ལགས་ཁམས་བཟང
卫藏地区_pyj1|ཁམས་བཟང
卫藏地区_jbm101|བཀྲ་ཤིས་ཁྱོད་དྲང་མོ་ཤོད་ཟླ་འདི་དག་ལ་གང་ན་སོང་བ་ཡིན
卫藏地区_jbm100|སངས་རྒྱས་ཆེན་པོ་ཁྱོད་ངའི་ལྷ་ཁང་ཆུང་ཆུང་འདིར་ཡོང་བའི་ཁོམ་པ་ཡོད་དམ
卫藏地区_jbm99|སྒྲོལ་མ་ཁྱོད་ཡོང་བ་ཡིན་ནམ
卫藏地区_jbm98|བཀྲ་ཤིས་ལམ་དུ་བདེ་མོ་ཡིན་ནམ
卫藏地区_jbm97|བཀྲ་ཤིས་ཁྱོད་ཀྱི་ཨ་མ་ངོ་མ་གཞོན་པོ་རེད
卫藏地区_jbm96|སྒྲོལ་མ་ཁྱོད་དེ་རིང་རྣམ་པ་ཡག་པོ་འདུག
卫藏地区_jbm95|དགེ་རྒན་ཁྱོད་དེ་རིང་ངོ་མ་ཡག་གི
卫藏地区_jbm94|མཚོ་མོ་ཁྱོད་ཀྱི་ངོ་གདོང་ཡག་པོ་འདུག
卫藏地区_jbm93|ཨ་ཅེ་ཁྱོད་ཀྱིས་སྐྲ་ཚུགས་བརྗེ་བས་བལྟས་ཡོང་ན་ལོ་འགའ་ཡིས་གཞོན་པ་རེད
卫藏地区_jbm92|བཀྲ་ཤིས་ཉེ་ལམ་གང་ན་ཡོད་དམ
卫藏地区_jbm91|ཨ་རོག་ཡུན་རིང་མ་ཐུག
卫藏地区_jbm90|དགེ་རྒན་ལགས་ཞོགས་པ་བདེ་ལེགས
卫藏地区_jbm89|ཨ་དེ་རིང་ངོ་མ་འདུ་འཛི་ཆེ
卫藏地区_jbm88|ཟླ་བ་གང་ལ་བུད་སོང
卫藏地区_jbm87|འདི་ལྟར་འགྲོ་མི་ཐུབ་སྣུམ་ཟད་སོང་བ་ཡིན་ནམ
卫藏地区_jbm86|ཁུག་མ་འདི་འདྲ་མང་པོ་དེ་རིང་མང་པོ་ཞིག་ཉོ་ཡོད་པ་འདྲ
卫藏地区_jbm85|རླངས་འཁོར་འདི་འདྲ་བཟང་པོ་ཞིག་བཏང་ནས་མཚན་གཅིག་ལ་ཕྱུག་པོ་བྱུང་ཡོད་པ་འདྲ
卫藏地区_jbm84|ཀོ་ལྷམ་འདི་འདྲའི་སྣུམ་པས་བྲོ་འཁྲབ་ཏུ་འགྲོ་རྒྱུ་ཡིན་ནམ
卫藏地区_jbm83|འདི་འདྲ་ཡག་པོ་ཞིག་གྱོན་ནས་གཉེན་སློང་དུ་འགྲོ་རྒྱུ་ཡིན་ནམ
卫藏地区_jbm82|གདོང་དཀར་པོར་གྱུར་འདུག་རྒྱ་ནག་ལ་སོང་པ་ཡིན་ནམ
卫藏地区_jbm81|ངའི་མིག་ནང་དུ་བྱེ་མ་ཅུང་ཙམ་འཛུལ་ཡོད་པ་དེ་ཙམ་གསལ་པོ་མི་ཤེས
卫藏地区_jbm80|ཉེ་ལམ་མིག་མདངས་ཅུང་མི་བཟང་མཐོང་ཡང་ཁ་ཡ་མི་བྱེད
卫藏地区_jbm79|ཉེ་ལམ་གང་ན་བཞུགས་ཡོད
卫藏地区_jbm78|ཅི་རེད་མི་དགའ་ས་ཅི་ཞིག་ཡོད་ན་ཤོད་ཚང་མ་དགའ་རུ་བཅུག
卫藏地区_jbm77|ཉིན་འགའ་ལ་མིའི་གྲིབ་མ་མ་མཐོང་བར་ཡང་གང་ལ་སྐྱིད་པོ་བྱེད་དུ་བུད་སོང
卫藏地区_jbm76|ཁྱོད་ཀྱི་གདོང་ལ་ལྟོས་དང་ཉེ་ལམ་ཉུང་ཉུང་མ་ཟོས་སམ
卫藏地区_jbm75|ངའི་ཚབ་བྱས་ནས་ཁྱོད་ཀྱི་རྒན་རབས་པར་འཚམས་འདྲི་ཞིག་བྱེད
卫藏地区_jbm74|དངོས་པོ་ཚང་མ་འཛོམས་ཡོད་དམ
卫藏地区_jbm73|ཅ་ལག་འཁྱེར་རྒྱུ་མ་བརྗེད
卫藏地区_jbm72|སང་ཉིན་དུས་ཐོག་ཏུ་ཤོག
卫藏地区_jbm71|ཁོ་ལ་གསལ་འདེབས་བྱེད་རྒྱུ་མ་བརྗེད
卫藏地区_jbm70|སླེབས་རྗེས་ང་ལ་ཁ་པར་གཏོང་རྒྱུ་མ་བརྗེད
卫藏地区_jbm69|སང་ཉིན་གྱི་དོན་དག་མ་བརྗེད
卫藏地区_jbm68|དེ་རིང་ཁྱོད་དཀའ་ལས་ཁག་སོང
卫藏地区_jbm67|ལམ་དུ་གཟབ་གཟབ་བྱོས
卫藏地区_jbm66|ཐེངས་རྗེས་མ་ཡོང
卫藏地区_jbm65|ལམ་བདེ
卫藏地区_jbm64|ཕེབས་པར་བཀའ་དྲིན་ཆེ
卫藏地区_jbm63|ད་དུང་ཅུང་ཙམ་སྡོད་དམ
卫藏地区_jbm62|ཐེངས་རྗེས་མ་བཤད
卫藏地区_jbm61|ཁྱོད་ཡོང་བར་བཀའ་དྲིན་ཆེ་ང་ངོ་མ་དགའ་བྱུང
卫藏地区_jbm60|བཀའ་དྲིན་ཆེ
卫藏地区_jbm59|ག་ལེར་ཕེབས
卫藏地区_jbm58|ཚེ་རིང
卫藏地区_jbm57|ནང་དུ་ཤོག་ཚང་མ་ཇ་འཐུང
卫藏地区_jbm56|ལམ་བར་དུ་དཀའ་ལས་ཁག་སོང
卫藏地区_jbm55|ཕེབས་པར་དགའ་བསུ་ཞུ་མི་ག་ཚོད་ཡོད
卫藏地区_jbm54|ངེད་ཚང་ལ་ཕེབས་པར་དགའ་བསུ་ཞུ་ཚང་མས་གང་འདོད་བྱོས
卫藏地区_jbm53|ངོ་བསྟོད་བྱས་པར་བཀའ་དྲིན་ཆེ་ནང་དུ་ཤོག་དང་ནང་དུ་ཤོག
卫藏地区_jbm52|ཁྱོད་གཞི་ནས་ཡོང་བ་རེད
卫藏地区_jbm51|ཁྱོད་གཞི་ནས་ཡོང་བ་རེད
卫藏地区_jbm50|མཚོ་མོ་ཁྱོད་ཀྱི་སྐྱེས་གཟུགས་ཇེ་ཡག་ནས་ཇེ་ཡག་རེད
卫藏地区_jbm49|ངའི་ཁྱོད་ལ་དོན་དག་ཅིག་འདྲི་འདོད
卫藏地区_jbm48|མུ་མཐུད་དུ་འབད་པ་བྱོས
卫藏地区_jbm47|དོན་དག་འདི་ཁྱོད་ཀྱིས་སྒྲུབ་པ་ཧ་ཅང་ནན་ཏན་རེད
卫藏地区_jbm46|ཁྱོད་ཉེ་ལམ་ཅི་ཞིག་ལས་བཞིན་ཡོད
卫藏地区_jbm45|ཁྱོད་ཀྱིས་འབད་པ་དེ་ཙམ་བྱས་ན་རྗེས་ཕྱོགས་མདུན་ལམ་ཡོད་ཁོ་ཐག་ཡིན
卫藏地区_jbm44|གཟིགས་སྐྱོང་མང་ཙམ་གནང་རོགས
卫藏地区_jbm43|ཁྱོད་ལ་བཀྲ་ཤིས་བདེ་ལེགས་ཞུ
卫藏地区_jbm42|ཐེངས་འདིར་ཨང་དང་པོ་བླངས་ངེད་ཚང་གི་བཀྲ་ཤིས་ངོ་མ་སྤྱང་གྲུང་ལྡན
卫藏地区_jbm41|འདི་འདྲའི་སྔ་མོ་ཞིག་ལ་སློབ་ཁང་དུ་དཔེ་ཆ་བློ་འཛིན་དུ་ཡོང་བ་ཡིན་ནམ་ཡག་པོ་འདུག་མུ་མཐུད་དུ་འབད་པ་བྱོས
卫藏地区_jbm40|གློག་བརྙན་གསར་པ་ཧ་ཅང་སེམས་འགུལ་ཐེབས་པ་ཞིག་རེད་མི་གྲགས་ཅན་གྱི་འཁྲབ་ཁྲིད་པའི་བརྩམས་ཆས་ཀྱིས་མི་ལ་ཡིད་ཆད་དུ་འཇུག་མི་སྲིད
卫藏地区_jbm39|བྱིས་པ་འདི་ངོ་མ་སྙིང་རྗེ་མོ་འདུག
卫藏地区_jbm38|ཁྱོད་ཀྱིས་ཉེ་ལམ་སློབ་སྦྱོང་ལ་འབད་པ་བྱེད་ཀྱིན་ཡོད་དམ
卫藏地区_jbm37|ཁྱོད་འདི་འདྲ་ཕྱི་པོ་ད་དུང་ལས་ཚོགས་གྲོལ་མེད་དམ་ལས་ཀའི་རྣམ་འགྱུར་ཧ་ཅང་ཧུར་བརྩོན་རེད
卫藏地区_jbm36|ཁྱོད་ངོ་མ་གྲུང་པོ་རེད
卫藏地区_jbm35|ཞྭ་མོ་འདི་ངོ་མ་ཁྱོད་ལ་འཚམ
卫藏地区_jbm34|གློག་བརྙན་འདི་ཡག་པོ་འདུག
卫藏地区_jbm33|ཟ་ཁང་འདི་སྐད་གྲགས་ཆེན་པོ་འདུག
卫藏地区_jbm32|ད་ལོའི་གྲོ་སྐྱེས་པ་ཧ་ཅང་བཟང
卫藏地区_jbm31|ཆུ་འདི་ངོ་མ་དྭངས་མོ་རེད
卫藏地区_jbm30|ཁྱོད་ཀྱི་བྱིས་པ་ཐེངས་འདི་ཡང་ཨང་དང་པོ་ཡིན་ནམ
卫藏地区_jbm29|མགོ་ཡང་ན་བྱུང་ངམ
卫藏地区_jbm28|འདི་རུ་གྲལ་སྒྲིག་པའི་མི་ཧ་ཅང་མང
卫藏地区_jbm27|བརྙན་འཕྲིན་ལ་ལྟ་བཞིན་ཡོད་དམ
卫藏地区_jbm26|དེ་རིང་གི་གནམ་གཤིས་ངོ་མ་བཟང་གི
卫藏地区_jbm25|ཁྱོད་ཀྱི་ལུས་ཕུང་མི་བདེ་ངམ
卫藏地区_jbm24|མདང་དགོང་གཉིད་པ་བཟང་ངམ
卫藏地区_jbm23|ཁྱིམ་མི་ཚང་མ་བདེ་མོ་ཡིན་ནམ
卫藏地区_jbm22|ཉེ་ལམ་བདེ་མོ་ཡིན་ནམ
卫藏地区_jbm21|གཟུགས་པོ་ག་འདྲ་འདུག
卫藏地区_jbm20|ལས་བྱ་དྲིས་ཚར་རམ
卫藏地区_jbm19|ཁྱོད་གང་དུ་འགྲོ
卫藏地区_jbm18|ཟ་མ་ཟས་སམ
卫藏地区_jbm17|ཁྱོད་དང་འཕྲད་པ་དགའ་པོ་བྱུང
卫藏地区_jbm16|ཡུན་རིང་མ་ཐུག
卫藏地区_jbm15|བཀྲ་ཤིས་བདེ་ལེགས
卫藏地区_jbm14|གཉིད་སྐྱིད
卫藏地区_jbm13|ཉིན་གུང་བདེ་ལེགས
卫藏地区_jbm12|དགོང་མོ་བདེ་ལེགས
卫藏地区_jbm11|ཞོགས་པ་བདེ་ལེགས
卫藏地区_jbm10|ཀྱེ
卫藏地区_jbm9|ཚང་མ་ཁམས་བཟང
卫藏地区_jbm8|རྨོ་ལགས་ཁམས་བཟང
卫藏地区_jbm7|སློབ་གྲོགས་ཚོ་ཁམས་བཟང
卫藏地区_jbm6|འགོ་ཁྲིད་རྣམ་པ
卫藏地区_jbm5|གཅེན་མོ
卫藏地区_jbm4|གཅེན་པོ
卫藏地区_jbm3|སྤོ་ལགས
卫藏地区_jbm2|རྒན་ལགས་ཁམས་བཟང
卫藏地区_jbm1|ཁམས་བཟང
卫藏地区_stsc101|བཀྲ་ཤིས་ཁྱོད་དྲང་མོ་ཤོད་ཟླ་འདི་དག་ལ་གང་ན་སོང་བ་ཡིན
卫藏地区_stsc100|སངས་རྒྱས་ཆེན་པོ་ཁྱོད་ངའི་ལྷ་ཁང་ཆུང་ཆུང་འདིར་ཡོང་བའི་ཁོམ་པ་ཡོད་དམ
卫藏地区_stsc99|སྒྲོལ་མ་ཁྱོད་ཡོང་བ་ཡིན་ནམ
卫藏地区_stsc98|བཀྲ་ཤིས་ལམ་དུ་བདེ་མོ་ཡིན་ནམ
卫藏地区_stsc97|བཀྲ་ཤིས་ཁྱོད་ཀྱི་ཨ་མ་ངོ་མ་གཞོན་པོ་རེད
卫藏地区_stsc96|སྒྲོལ་མ་ཁྱོད་དེ་རིང་རྣམ་པ་ཡག་པོ་འདུག
卫藏地区_stsc95|དགེ་རྒན་ཁྱོད་དེ་རིང་ངོ་མ་ཡག་གི
卫藏地区_stsc94|མཚོ་མོ་ཁྱོད་ཀྱི་ངོ་གདོང་ཡག་པོ་འདུག
卫藏地区_stsc93|ཨ་ཅེ་ཁྱོད་ཀྱིས་སྐྲ་ཚུགས་བརྗེ་བས་བལྟས་ཡོང་ན་ལོ་འགའ་ཡིས་གཞོན་པ་རེད
卫藏地区_stsc92|བཀྲ་ཤིས་ཉེ་ལམ་གང་ན་ཡོད་དམ
卫藏地区_stsc91|ཨ་རོག་ཡུན་རིང་མ་ཐུག
卫藏地区_stsc90|དགེ་རྒན་ལགས་ཞོགས་པ་བདེ་ལེགས
卫藏地区_stsc89|ཨ་དེ་རིང་ངོ་མ་འདུ་འཛི་ཆེ
卫藏地区_stsc88|ཟླ་བ་གང་ལ་བུད་སོང
卫藏地区_stsc87|འདི་ལྟར་འགྲོ་མི་ཐུབ་སྣུམ་ཟད་སོང་བ་ཡིན་ནམ
卫藏地区_stsc86|ཁུག་མ་འདི་འདྲ་མང་པོ་དེ་རིང་མང་པོ་ཞིག་ཉོ་ཡོད་པ་འདྲ
卫藏地区_stsc85|རླངས་འཁོར་འདི་འདྲ་བཟང་པོ་ཞིག་བཏང་ནས་མཚན་གཅིག་ལ་ཕྱུག་པོ་བྱུང་ཡོད་པ་འདྲ
卫藏地区_stsc84|ཀོ་ལྷམ་འདི་འདྲའི་སྣུམ་པས་བྲོ་འཁྲབ་ཏུ་འགྲོ་རྒྱུ་ཡིན་ནམ
卫藏地区_stsc83|འདི་འདྲ་ཡག་པོ་ཞིག་གྱོན་ནས་གཉེན་སློང་དུ་འགྲོ་རྒྱུ་ཡིན་ནམ
卫藏地区_stsc82|གདོང་དཀར་པོར་གྱུར་འདུག་རྒྱ་ནག་ལ་སོང་པ་ཡིན་ནམ
卫藏地区_stsc81|ངའི་མིག་ནང་དུ་བྱེ་མ་ཅུང་ཙམ་འཛུལ་ཡོད་པ་དེ་ཙམ་གསལ་པོ་མི་ཤེས
卫藏地区_stsc80|ཉེ་ལམ་མིག་མདངས་ཅུང་མི་བཟང་མཐོང་ཡང་ཁ་ཡ་མི་བྱེད
卫藏地区_stsc79|ཉེ་ལམ་གང་ན་བཞུགས་ཡོད
卫藏地区_stsc78|ཅི་རེད་མི་དགའ་ས་ཅི་ཞིག་ཡོད་ན་ཤོད་ཚང་མ་དགའ་རུ་བཅུག
卫藏地区_stsc77|ཉིན་འགའ་ལ་མིའི་གྲིབ་མ་མ་མཐོང་བར་ཡང་གང་ལ་སྐྱིད་པོ་བྱེད་དུ་བུད་སོང
卫藏地区_stsc76|ཁྱོད་ཀྱི་གདོང་ལ་ལྟོས་དང་ཉེ་ལམ་ཉུང་ཉུང་མ་ཟོས་སམ
卫藏地区_stsc75|ངའི་ཚབ་བྱས་ནས་ཁྱོད་ཀྱི་རྒན་རབས་པར་འཚམས་འདྲི་ཞིག་བྱེད
卫藏地区_stsc74|དངོས་པོ་ཚང་མ་འཛོམས་ཡོད་དམ
卫藏地区_stsc73|ཅ་ལག་འཁྱེར་རྒྱུ་མ་བརྗེད
卫藏地区_stsc72|སང་ཉིན་དུས་ཐོག་ཏུ་ཤོག
卫藏地区_stsc71|ཁོ་ལ་གསལ་འདེབས་བྱེད་རྒྱུ་མ་བརྗེད
卫藏地区_stsc70|སླེབས་རྗེས་ང་ལ་ཁ་པར་གཏོང་རྒྱུ་མ་བརྗེད
卫藏地区_stsc69|སང་ཉིན་གྱི་དོན་དག་མ་བརྗེད
卫藏地区_stsc68|དེ་རིང་ཁྱོད་དཀའ་ལས་ཁག་སོང
卫藏地区_stsc67|ལམ་དུ་གཟབ་གཟབ་བྱོས
卫藏地区_stsc66|ཐེངས་རྗེས་མ་ཡོང
卫藏地区_stsc65|ལམ་བདེ
卫藏地区_stsc64|ཕེབས་པར་བཀའ་དྲིན་ཆེ
卫藏地区_stsc63|ད་དུང་ཅུང་ཙམ་སྡོད་དམ
卫藏地区_stsc62|ཐེངས་རྗེས་མ་བཤད
卫藏地区_stsc61|ཁྱོད་ཡོང་བར་བཀའ་དྲིན་ཆེ་ང་ངོ་མ་དགའ་བྱུང
卫藏地区_stsc60|བཀའ་དྲིན་ཆེ
卫藏地区_stsc59|ག་ལེར་ཕེབས
卫藏地区_stsc58|ཚེ་རིང
卫藏地区_stsc57|ནང་དུ་ཤོག་ཚང་མ་ཇ་འཐུང
卫藏地区_stsc56|ལམ་བར་དུ་དཀའ་ལས་ཁག་སོང
卫藏地区_stsc55|ཕེབས་པར་དགའ་བསུ་ཞུ་མི་ག་ཚོད་ཡོད
卫藏地区_stsc54|ངེད་ཚང་ལ་ཕེབས་པར་དགའ་བསུ་ཞུ་ཚང་མས་གང་འདོད་བྱོས
卫藏地区_stsc53|ངོ་བསྟོད་བྱས་པར་བཀའ་དྲིན་ཆེ་ནང་དུ་ཤོག་དང་ནང་དུ་ཤོག
卫藏地区_stsc52|ཁྱོད་གཞི་ནས་ཡོང་བ་རེད
卫藏地区_stsc51|ཁྱོད་གཞི་ནས་ཡོང་བ་རེད
卫藏地区_stsc50|མཚོ་མོ་ཁྱོད་ཀྱི་སྐྱེས་གཟུགས་ཇེ་ཡག་ནས་ཇེ་ཡག་རེད
卫藏地区_stsc49|ངའི་ཁྱོད་ལ་དོན་དག་ཅིག་འདྲི་འདོད
卫藏地区_stsc48|མུ་མཐུད་དུ་འབད་པ་བྱོས
卫藏地区_stsc47|དོན་དག་འདི་ཁྱོད་ཀྱིས་སྒྲུབ་པ་ཧ་ཅང་ནན་ཏན་རེད
卫藏地区_stsc46|ཁྱོད་ཉེ་ལམ་ཅི་ཞིག་ལས་བཞིན་ཡོད
卫藏地区_stsc45|ཁྱོད་ཀྱིས་འབད་པ་དེ་ཙམ་བྱས་ན་རྗེས་ཕྱོགས་མདུན་ལམ་ཡོད་ཁོ་ཐག་ཡིན
卫藏地区_stsc44|གཟིགས་སྐྱོང་མང་ཙམ་གནང་རོགས
卫藏地区_stsc43|ཁྱོད་ལ་བཀྲ་ཤིས་བདེ་ལེགས་ཞུ
卫藏地区_stsc42|ཐེངས་འདིར་ཨང་དང་པོ་བླངས་ངེད་ཚང་གི་བཀྲ་ཤིས་ངོ་མ་སྤྱང་གྲུང་ལྡན
卫藏地区_stsc41|འདི་འདྲའི་སྔ་མོ་ཞིག་ལ་སློབ་ཁང་དུ་དཔེ་ཆ་བློ་འཛིན་དུ་ཡོང་བ་ཡིན་ནམ་ཡག་པོ་འདུག་མུ་མཐུད་དུ་འབད་པ་བྱོས
卫藏地区_stsc40|གློག་བརྙན་གསར་པ་ཧ་ཅང་སེམས་འགུལ་ཐེབས་པ་ཞིག་རེད་མི་གྲགས་ཅན་གྱི་འཁྲབ་ཁྲིད་པའི་བརྩམས་ཆས་ཀྱིས་མི་ལ་ཡིད་ཆད་དུ་འཇུག་མི་སྲིད
卫藏地区_stsc39|བྱིས་པ་འདི་ངོ་མ་སྙིང་རྗེ་མོ་འདུག
卫藏地区_stsc38|ཁྱོད་ཀྱིས་ཉེ་ལམ་སློབ་སྦྱོང་ལ་འབད་པ་བྱེད་ཀྱིན་ཡོད་དམ
卫藏地区_stsc37|ཁྱོད་འདི་འདྲ་ཕྱི་པོ་ད་དུང་ལས་ཚོགས་གྲོལ་མེད་དམ་ལས་ཀའི་རྣམ་འགྱུར་ཧ་ཅང་ཧུར་བརྩོན་རེད
卫藏地区_stsc36|ཁྱོད་ངོ་མ་གྲུང་པོ་རེད
卫藏地区_stsc35|ཞྭ་མོ་འདི་ངོ་མ་ཁྱོད་ལ་འཚམ
卫藏地区_stsc34|གློག་བརྙན་འདི་ཡག་པོ་འདུག
卫藏地区_stsc33|ཟ་ཁང་འདི་སྐད་གྲགས་ཆེན་པོ་འདུག
卫藏地区_stsc32|ད་ལོའི་གྲོ་སྐྱེས་པ་ཧ་ཅང་བཟང
卫藏地区_stsc31|ཆུ་འདི་ངོ་མ་དྭངས་མོ་རེད
卫藏地区_stsc30|ཁྱོད་ཀྱི་བྱིས་པ་ཐེངས་འདི་ཡང་ཨང་དང་པོ་ཡིན་ནམ
卫藏地区_stsc29|མགོ་ཡང་ན་བྱུང་ངམ
卫藏地区_stsc28|འདི་རུ་གྲལ་སྒྲིག་པའི་མི་ཧ་ཅང་མང
卫藏地区_stsc27|བརྙན་འཕྲིན་ལ་ལྟ་བཞིན་ཡོད་དམ
卫藏地区_stsc26|དེ་རིང་གི་གནམ་གཤིས་ངོ་མ་བཟང་གི
卫藏地区_stsc25|ཁྱོད་ཀྱི་ལུས་ཕུང་མི་བདེ་ངམ
卫藏地区_stsc24|མདང་དགོང་གཉིད་པ་བཟང་ངམ
卫藏地区_stsc23|ཁྱིམ་མི་ཚང་མ་བདེ་མོ་ཡིན་ནམ
卫藏地区_stsc22|ཉེ་ལམ་བདེ་མོ་ཡིན་ནམ
卫藏地区_stsc21|གཟུགས་པོ་ག་འདྲ་འདུག
卫藏地区_stsc20|ལས་བྱ་དྲིས་ཚར་རམ
卫藏地区_stsc19|ཁྱོད་གང་དུ་འགྲོ
卫藏地区_stsc18|ཟ་མ་ཟས་སམ
卫藏地区_stsc17|ཁྱོད་དང་འཕྲད་པ་དགའ་པོ་བྱུང
卫藏地区_stsc16|ཡུན་རིང་མ་ཐུག
卫藏地区_stsc15|བཀྲ་ཤིས་བདེ་ལེགས
卫藏地区_stsc14|གཉིད་སྐྱིད
卫藏地区_stsc13|ཉིན་གུང་བདེ་ལེགས
卫藏地区_stsc12|དགོང་མོ་བདེ་ལེགས
卫藏地区_stsc11|ཞོགས་པ་བདེ་ལེགས
卫藏地区_stsc10|ཀྱེ
卫藏地区_stsc9|ཚང་མ་ཁམས་བཟང
卫藏地区_stsc8|རྨོ་ལགས་ཁམས་བཟང
卫藏地区_stsc7|སློབ་གྲོགས་ཚོ་ཁམས་བཟང
卫藏地区_stsc6|འགོ་ཁྲིད་རྣམ་པ
卫藏地区_stsc5|གཅེན་མོ
卫藏地区_stsc4|གཅེན་པོ
卫藏地区_stsc3|སྤོ་ལགས
卫藏地区_stsc2|རྒན་ལགས་ཁམས་བཟང
卫藏地区_stsc1|ཁམས་བཟང
卫藏地区_snwq101|བཀྲ་ཤིས་ཁྱོད་དྲང་མོ་ཤོད་ཟླ་འདི་དག་ལ་གང་ན་སོང་བ་ཡིན
卫藏地区_snwq100|སངས་རྒྱས་ཆེན་པོ་ཁྱོད་ངའི་ལྷ་ཁང་ཆུང་ཆུང་འདིར་ཡོང་བའི་ཁོམ་པ་ཡོད་དམ
卫藏地区_snwq99|སྒྲོལ་མ་ཁྱོད་ཡོང་བ་ཡིན་ནམ
卫藏地区_snwq98|བཀྲ་ཤིས་ལམ་དུ་བདེ་མོ་ཡིན་ནམ
卫藏地区_snwq97|བཀྲ་ཤིས་ཁྱོད་ཀྱི་ཨ་མ་ངོ་མ་གཞོན་པོ་རེད
卫藏地区_snwq96|སྒྲོལ་མ་ཁྱོད་དེ་རིང་རྣམ་པ་ཡག་པོ་འདུག
卫藏地区_snwq95|དགེ་རྒན་ཁྱོད་དེ་རིང་ངོ་མ་ཡག་གི
卫藏地区_snwq94|མཚོ་མོ་ཁྱོད་ཀྱི་ངོ་གདོང་ཡག་པོ་འདུག
卫藏地区_snwq93|ཨ་ཅེ་ཁྱོད་ཀྱིས་སྐྲ་ཚུགས་བརྗེ་བས་བལྟས་ཡོང་ན་ལོ་འགའ་ཡིས་གཞོན་པ་རེད
卫藏地区_snwq92|བཀྲ་ཤིས་ཉེ་ལམ་གང་ན་ཡོད་དམ
卫藏地区_snwq91|ཨ་རོག་ཡུན་རིང་མ་ཐུག
卫藏地区_snwq90|དགེ་རྒན་ལགས་ཞོགས་པ་བདེ་ལེགས
卫藏地区_snwq89|ཨ་དེ་རིང་ངོ་མ་འདུ་འཛི་ཆེ
卫藏地区_snwq88|ཟླ་བ་གང་ལ་བུད་སོང
卫藏地区_snwq87|འདི་ལྟར་འགྲོ་མི་ཐུབ་སྣུམ་ཟད་སོང་བ་ཡིན་ནམ
卫藏地区_snwq86|ཁུག་མ་འདི་འདྲ་མང་པོ་དེ་རིང་མང་པོ་ཞིག་ཉོ་ཡོད་པ་འདྲ
卫藏地区_snwq85|རླངས་འཁོར་འདི་འདྲ་བཟང་པོ་ཞིག་བཏང་ནས་མཚན་གཅིག་ལ་ཕྱུག་པོ་བྱུང་ཡོད་པ་འདྲ
卫藏地区_snwq84|ཀོ་ལྷམ་འདི་འདྲའི་སྣུམ་པས་བྲོ་འཁྲབ་ཏུ་འགྲོ་རྒྱུ་ཡིན་ནམ
卫藏地区_snwq83|འདི་འདྲ་ཡག་པོ་ཞིག་གྱོན་ནས་གཉེན་སློང་དུ་འགྲོ་རྒྱུ་ཡིན་ནམ
卫藏地区_snwq82|གདོང་དཀར་པོར་གྱུར་འདུག་རྒྱ་ནག་ལ་སོང་པ་ཡིན་ནམ
卫藏地区_snwq81|ངའི་མིག་ནང་དུ་བྱེ་མ་ཅུང་ཙམ་འཛུལ་ཡོད་པ་དེ་ཙམ་གསལ་པོ་མི་ཤེས
卫藏地区_snwq80|ཉེ་ལམ་མིག་མདངས་ཅུང་མི་བཟང་མཐོང་ཡང་ཁ་ཡ་མི་བྱེད
卫藏地区_snwq79|ཉེ་ལམ་གང་ན་བཞུགས་ཡོད
卫藏地区_snwq78|ཅི་རེད་མི་དགའ་ས་ཅི་ཞིག་ཡོད་ན་ཤོད་ཚང་མ་དགའ་རུ་བཅུག
卫藏地区_snwq77|ཉིན་འགའ་ལ་མིའི་གྲིབ་མ་མ་མཐོང་བར་ཡང་གང་ལ་སྐྱིད་པོ་བྱེད་དུ་བུད་སོང
卫藏地区_snwq76|ཁྱོད་ཀྱི་གདོང་ལ་ལྟོས་དང་ཉེ་ལམ་ཉུང་ཉུང་མ་ཟོས་སམ
卫藏地区_snwq75|ངའི་ཚབ་བྱས་ནས་ཁྱོད་ཀྱི་རྒན་རབས་པར་འཚམས་འདྲི་ཞིག་བྱེད
卫藏地区_snwq74|དངོས་པོ་ཚང་མ་འཛོམས་ཡོད་དམ
卫藏地区_snwq73|ཅ་ལག་འཁྱེར་རྒྱུ་མ་བརྗེད
卫藏地区_snwq72|སང་ཉིན་དུས་ཐོག་ཏུ་ཤོག
卫藏地区_snwq71|ཁོ་ལ་གསལ་འདེབས་བྱེད་རྒྱུ་མ་བརྗེད
卫藏地区_snwq70|སླེབས་རྗེས་ང་ལ་ཁ་པར་གཏོང་རྒྱུ་མ་བརྗེད
卫藏地区_snwq69|སང་ཉིན་གྱི་དོན་དག་མ་བརྗེད
卫藏地区_snwq68|དེ་རིང་ཁྱོད་དཀའ་ལས་ཁག་སོང
卫藏地区_snwq67|ལམ་དུ་གཟབ་གཟབ་བྱོས
卫藏地区_snwq66|ཐེངས་རྗེས་མ་ཡོང
卫藏地区_snwq65|ལམ་བདེ
卫藏地区_snwq64|ཕེབས་པར་བཀའ་དྲིན་ཆེ
卫藏地区_snwq63|ད་དུང་ཅུང་ཙམ་སྡོད་དམ
卫藏地区_snwq62|ཐེངས་རྗེས་མ་བཤད
卫藏地区_snwq61|ཁྱོད་ཡོང་བར་བཀའ་དྲིན་ཆེ་ང་ངོ་མ་དགའ་བྱུང
卫藏地区_snwq60|བཀའ་དྲིན་ཆེ
卫藏地区_snwq59|ག་ལེར་ཕེབས
卫藏地区_snwq58|ཚེ་རིང
卫藏地区_snwq57|ནང་དུ་ཤོག་ཚང་མ་ཇ་འཐུང
卫藏地区_snwq56|ལམ་བར་དུ་དཀའ་ལས་ཁག་སོང
卫藏地区_snwq55|ཕེབས་པར་དགའ་བསུ་ཞུ་མི་ག་ཚོད་ཡོད
卫藏地区_snwq54|ངེད་ཚང་ལ་ཕེབས་པར་དགའ་བསུ་ཞུ་ཚང་མས་གང་འདོད་བྱོས
卫藏地区_snwq53|ངོ་བསྟོད་བྱས་པར་བཀའ་དྲིན་ཆེ་ནང་དུ་ཤོག་དང་ནང་དུ་ཤོག
卫藏地区_snwq52|ཁྱོད་གཞི་ནས་ཡོང་བ་རེད
卫藏地区_snwq51|ཁྱོད་གཞི་ནས་ཡོང་བ་རེད
卫藏地区_snwq50|མཚོ་མོ་ཁྱོད་ཀྱི་སྐྱེས་གཟུགས་ཇེ་ཡག་ནས་ཇེ་ཡག་རེད
卫藏地区_snwq49|ངའི་ཁྱོད་ལ་དོན་དག་ཅིག་འདྲི་འདོད
卫藏地区_snwq48|མུ་མཐུད་དུ་འབད་པ་བྱོས
卫藏地区_snwq47|དོན་དག་འདི་ཁྱོད་ཀྱིས་སྒྲུབ་པ་ཧ་ཅང་ནན་ཏན་རེད
卫藏地区_snwq46|ཁྱོད་ཉེ་ལམ་ཅི་ཞིག་ལས་བཞིན་ཡོད
卫藏地区_snwq45|ཁྱོད་ཀྱིས་འབད་པ་དེ་ཙམ་བྱས་ན་རྗེས་ཕྱོགས་མདུན་ལམ་ཡོད་ཁོ་ཐག་ཡིན
卫藏地区_snwq44|གཟིགས་སྐྱོང་མང་ཙམ་གནང་རོགས
卫藏地区_snwq43|ཁྱོད་ལ་བཀྲ་ཤིས་བདེ་ལེགས་ཞུ
卫藏地区_snwq42|ཐེངས་འདིར་ཨང་དང་པོ་བླངས་ངེད་ཚང་གི་བཀྲ་ཤིས་ངོ་མ་སྤྱང་གྲུང་ལྡན
卫藏地区_snwq41|འདི་འདྲའི་སྔ་མོ་ཞིག་ལ་སློབ་ཁང་དུ་དཔེ་ཆ་བློ་འཛིན་དུ་ཡོང་བ་ཡིན་ནམ་ཡག་པོ་འདུག་མུ་མཐུད་དུ་འབད་པ་བྱོས
卫藏地区_snwq40|གློག་བརྙན་གསར་པ་ཧ་ཅང་སེམས་འགུལ་ཐེབས་པ་ཞིག་རེད་མི་གྲགས་ཅན་གྱི་འཁྲབ་ཁྲིད་པའི་བརྩམས་ཆས་ཀྱིས་མི་ལ་ཡིད་ཆད་དུ་འཇུག་མི་སྲིད
卫藏地区_snwq39|བྱིས་པ་འདི་ངོ་མ་སྙིང་རྗེ་མོ་འདུག
卫藏地区_snwq38|ཁྱོད་ཀྱིས་ཉེ་ལམ་སློབ་སྦྱོང་ལ་འབད་པ་བྱེད་ཀྱིན་ཡོད་དམ
卫藏地区_snwq37|ཁྱོད་འདི་འདྲ་ཕྱི་པོ་ད་དུང་ལས་ཚོགས་གྲོལ་མེད་དམ་ལས་ཀའི་རྣམ་འགྱུར་ཧ་ཅང་ཧུར་བརྩོན་རེད
卫藏地区_snwq36|ཁྱོད་ངོ་མ་གྲུང་པོ་རེད
卫藏地区_snwq35|ཞྭ་མོ་འདི་ངོ་མ་ཁྱོད་ལ་འཚམ
卫藏地区_snwq34|གློག་བརྙན་འདི་ཡག་པོ་འདུག
卫藏地区_snwq33|ཟ་ཁང་འདི་སྐད་གྲགས་ཆེན་པོ་འདུག
卫藏地区_snwq32|ད་ལོའི་གྲོ་སྐྱེས་པ་ཧ་ཅང་བཟང
卫藏地区_snwq31|ཆུ་འདི་ངོ་མ་དྭངས་མོ་རེད
卫藏地区_snwq30|ཁྱོད་ཀྱི་བྱིས་པ་ཐེངས་འདི་ཡང་ཨང་དང་པོ་ཡིན་ནམ
卫藏地区_snwq29|མགོ་ཡང་ན་བྱུང་ངམ
卫藏地区_snwq28|འདི་རུ་གྲལ་སྒྲིག་པའི་མི་ཧ་ཅང་མང
卫藏地区_snwq27|བརྙན་འཕྲིན་ལ་ལྟ་བཞིན་ཡོད་དམ
卫藏地区_snwq26|དེ་རིང་གི་གནམ་གཤིས་ངོ་མ་བཟང་གི
卫藏地区_snwq25|ཁྱོད་ཀྱི་ལུས་ཕུང་མི་བདེ་ངམ
卫藏地区_snwq24|མདང་དགོང་གཉིད་པ་བཟང་ངམ
卫藏地区_snwq23|ཁྱིམ་མི་ཚང་མ་བདེ་མོ་ཡིན་ནམ
卫藏地区_snwq22|ཉེ་ལམ་བདེ་མོ་ཡིན་ནམ
卫藏地区_snwq21|གཟུགས་པོ་ག་འདྲ་འདུག
卫藏地区_snwq20|ལས་བྱ་དྲིས་ཚར་རམ
卫藏地区_snwq19|ཁྱོད་གང་དུ་འགྲོ
卫藏地区_snwq18|ཟ་མ་ཟས་སམ
卫藏地区_snwq17|ཁྱོད་དང་འཕྲད་པ་དགའ་པོ་བྱུང
卫藏地区_snwq16|ཡུན་རིང་མ་ཐུག
卫藏地区_snwq15|བཀྲ་ཤིས་བདེ་ལེགས
卫藏地区_snwq14|གཉིད་སྐྱིད
卫藏地区_snwq13|ཉིན་གུང་བདེ་ལེགས
卫藏地区_snwq12|དགོང་མོ་བདེ་ལེགས
卫藏地区_snwq11|ཞོགས་པ་བདེ་ལེགས
卫藏地区_snwq10|ཀྱེ
卫藏地区_snwq9|ཚང་མ་ཁམས་བཟང
卫藏地区_snwq8|རྨོ་ལགས་ཁམས་བཟང
卫藏地区_snwq7|སློབ་གྲོགས་ཚོ་ཁམས་བཟང
卫藏地区_snwq6|འགོ་ཁྲིད་རྣམ་པ
卫藏地区_snwq5|གཅེན་མོ
卫藏地区_snwq4|གཅེན་པོ
卫藏地区_snwq3|སྤོ་ལགས
卫藏地区_snwq2|རྒན་ལགས་ཁམས་བཟང
卫藏地区_snwq1|ཁམས་བཟང
卫藏地区_clwj1|བཀྲ་ཤིས་ཁྱོད་དྲང་མོ་ཤོད་ཟླ་འདི་དག་ལ་གང་ན་སོང་བ་ཡིན
卫藏地区_clwj2|སངས་རྒྱས་ཆེན་པོ་ཁྱོད་ངའི་ལྷ་ཁང་ཆུང་ཆུང་འདིར་ཡོང་བའི་ཁོམ་པ་ཡོད་དམ
卫藏地区_clwj3|སྒྲོལ་མ་ཁྱོད་ཡོང་བ་ཡིན་ནམ
卫藏地区_clwj4|བཀྲ་ཤིས་ལམ་དུ་བདེ་མོ་ཡིན་ནམ
卫藏地区_clwj5|བཀྲ་ཤིས་ཁྱོད་ཀྱི་ཨ་མ་ངོ་མ་གཞོན་པོ་རེད
卫藏地区_clwj6|སྒྲོལ་མ་ཁྱོད་དེ་རིང་རྣམ་པ་ཡག་པོ་འདུག
卫藏地区_clwj7|དགེ་རྒན་ཁྱོད་དེ་རིང་ངོ་མ་ཡག་གི
卫藏地区_clwj8|མཚོ་མོ་ཁྱོད་ཀྱི་ངོ་གདོང་ཡག་པོ་འདུག
卫藏地区_clwj9|ཨ་ཅེ་ཁྱོད་ཀྱིས་སྐྲ་ཚུགས་བརྗེ་བས་བལྟས་ཡོང་ན་ལོ་འགའ་ཡིས་གཞོན་པ་རེད
卫藏地区_clwj10|བཀྲ་ཤིས་ཉེ་ལམ་གང་ན་ཡོད་དམ
卫藏地区_clwj11|ཨ་རོག་ཡུན་རིང་མ་ཐུག
卫藏地区_clwj12|དགེ་རྒན་ལགས་ཞོགས་པ་བདེ་ལེགས
卫藏地区_clwj13|ཨ་དེ་རིང་ངོ་མ་འདུ་འཛི་ཆེ
卫藏地区_clwj14|ཟླ་བ་གང་ལ་བུད་སོང
卫藏地区_clwj15|འདི་ལྟར་འགྲོ་མི་ཐུབ་སྣུམ་ཟད་སོང་བ་ཡིན་ནམ
卫藏地区_clwj16|ཁུག་མ་འདི་འདྲ་མང་པོ་དེ་རིང་མང་པོ་ཞིག་ཉོ་ཡོད་པ་འདྲ
卫藏地区_clwj17|རླངས་འཁོར་འདི་འདྲ་བཟང་པོ་ཞིག་བཏང་ནས་མཚན་གཅིག་ལ་ཕྱུག་པོ་བྱུང་ཡོད་པ་འདྲ
卫藏地区_clwj18|ཀོ་ལྷམ་འདི་འདྲའི་སྣུམ་པས་བྲོ་འཁྲབ་ཏུ་འགྲོ་རྒྱུ་ཡིན་ནམ
卫藏地区_clwj19|འདི་འདྲ་ཡག་པོ་ཞིག་གྱོན་ནས་གཉེན་སློང་དུ་འགྲོ་རྒྱུ་ཡིན་ནམ
卫藏地区_clwj20|གདོང་དཀར་པོར་གྱུར་འདུག་རྒྱ་ནག་ལ་སོང་པ་ཡིན་ནམ
卫藏地区_clwj21|ངའི་མིག་ནང་དུ་བྱེ་མ་ཅུང་ཙམ་འཛུལ་ཡོད་པ་དེ་ཙམ་གསལ་པོ་མི་ཤེས
卫藏地区_clwj22|ཉེ་ལམ་མིག་མདངས་ཅུང་མི་བཟང་མཐོང་ཡང་ཁ་ཡ་མི་བྱེད
卫藏地区_clwj23|ཉེ་ལམ་གང་ན་བཞུགས་ཡོད
卫藏地区_clwj24|ཅི་རེད་མི་དགའ་ས་ཅི་ཞིག་ཡོད་ན་ཤོད་ཚང་མ་དགའ་རུ་བཅུག
卫藏地区_clwj25|ཉིན་འགའ་ལ་མིའི་གྲིབ་མ་མ་མཐོང་བར་ཡང་གང་ལ་སྐྱིད་པོ་བྱེད་དུ་བུད་སོང
卫藏地区_clwj26|ཁྱོད་ཀྱི་གདོང་ལ་ལྟོས་དང་ཉེ་ལམ་ཉུང་ཉུང་མ་ཟོས་སམ
卫藏地区_clwj27|ངའི་ཚབ་བྱས་ནས་ཁྱོད་ཀྱི་རྒན་རབས་པར་འཚམས་འདྲི་ཞིག་བྱེད
卫藏地区_clwj28|དངོས་པོ་ཚང་མ་འཛོམས་ཡོད་དམ
卫藏地区_clwj29|ཅ་ལག་འཁྱེར་རྒྱུ་མ་བརྗེད
卫藏地区_clwj30|སང་ཉིན་དུས་ཐོག་ཏུ་ཤོག
卫藏地区_clwj31|ཁོ་ལ་གསལ་འདེབས་བྱེད་རྒྱུ་མ་བརྗེད
卫藏地区_clwj32|སླེབས་རྗེས་ང་ལ་ཁ་པར་གཏོང་རྒྱུ་མ་བརྗེད
卫藏地区_clwj33|སང་ཉིན་གྱི་དོན་དག་མ་བརྗེད
卫藏地区_clwj34|དེ་རིང་ཁྱོད་དཀའ་ལས་ཁག་སོང
卫藏地区_clwj35|ལམ་དུ་གཟབ་གཟབ་བྱོས
卫藏地区_clwj36|ཐེངས་རྗེས་མ་ཡོང
卫藏地区_clwj37|ལམ་བདེ
卫藏地区_clwj38|ཕེབས་པར་བཀའ་དྲིན་ཆེ
卫藏地区_clwj39|ད་དུང་ཅུང་ཙམ་སྡོད་དམ
卫藏地区_clwj40|ཐེངས་རྗེས་མ་བཤད
卫藏地区_clwj41|ཁྱོད་ཡོང་བར་བཀའ་དྲིན་ཆེ་ང་ངོ་མ་དགའ་བྱུང
卫藏地区_clwj42|བཀའ་དྲིན་ཆེ
卫藏地区_clwj43|ག་ལེར་ཕེབས
卫藏地区_clwj44|ཚེ་རིང
卫藏地区_clwj45|ནང་དུ་ཤོག་ཚང་མ་ཇ་འཐུང
卫藏地区_clwj46|ལམ་བར་དུ་དཀའ་ལས་ཁག་སོང
卫藏地区_clwj47|ཕེབས་པར་དགའ་བསུ་ཞུ་མི་ག་ཚོད་ཡོད
卫藏地区_clwj48|ངེད་ཚང་ལ་ཕེབས་པར་དགའ་བསུ་ཞུ་ཚང་མས་གང་འདོད་བྱོས
卫藏地区_clwj49|ངོ་བསྟོད་བྱས་པར་བཀའ་དྲིན་ཆེ་ནང་དུ་ཤོག་དང་ནང་དུ་ཤོག
卫藏地区_clwj50|ཁྱོད་གཞི་ནས་ཡོང་བ་རེད
卫藏地区_clwj51|ཁྱོད་གཞི་ནས་ཡོང་བ་རེད
卫藏地区_clwj52|མཚོ་མོ་ཁྱོད་ཀྱི་སྐྱེས་གཟུགས་ཇེ་ཡག་ནས་ཇེ་ཡག་རེད
卫藏地区_clwj53|ངའི་ཁྱོད་ལ་དོན་དག་ཅིག་འདྲི་འདོད
卫藏地区_clwj54|མུ་མཐུད་དུ་འབད་པ་བྱོས
卫藏地区_clwj55|དོན་དག་འདི་ཁྱོད་ཀྱིས་སྒྲུབ་པ་ཧ་ཅང་ནན་ཏན་རེད
卫藏地区_clwj56|ཁྱོད་ཉེ་ལམ་ཅི་ཞིག་ལས་བཞིན་ཡོད
卫藏地区_clwj57|ཁྱོད་ཀྱིས་འབད་པ་དེ་ཙམ་བྱས་ན་རྗེས་ཕྱོགས་མདུན་ལམ་ཡོད་ཁོ་ཐག་ཡིན
卫藏地区_clwj58|གཟིགས་སྐྱོང་མང་ཙམ་གནང་རོགས
卫藏地区_clwj59|ཁྱོད་ལ་བཀྲ་ཤིས་བདེ་ལེགས་ཞུ
卫藏地区_clwj60|ཐེངས་འདིར་ཨང་དང་པོ་བླངས་ངེད་ཚང་གི་བཀྲ་ཤིས་ངོ་མ་སྤྱང་གྲུང་ལྡན
卫藏地区_clwj61|འདི་འདྲའི་སྔ་མོ་ཞིག་ལ་སློབ་ཁང་དུ་དཔེ་ཆ་བློ་འཛིན་དུ་ཡོང་བ་ཡིན་ནམ་ཡག་པོ་འདུག་མུ་མཐུད་དུ་འབད་པ་བྱོས
卫藏地区_clwj62|གློག་བརྙན་གསར་པ་ཧ་ཅང་སེམས་འགུལ་ཐེབས་པ་ཞིག་རེད་མི་གྲགས་ཅན་གྱི་འཁྲབ་ཁྲིད་པའི་བརྩམས་ཆས་ཀྱིས་མི་ལ་ཡིད་ཆད་དུ་འཇུག་མི་སྲིད
卫藏地区_clwj63|བྱིས་པ་འདི་ངོ་མ་སྙིང་རྗེ་མོ་འདུག
卫藏地区_clwj64|ཁྱོད་ཀྱིས་ཉེ་ལམ་སློབ་སྦྱོང་ལ་འབད་པ་བྱེད་ཀྱིན་ཡོད་དམ
卫藏地区_clwj65|ཁྱོད་འདི་འདྲ་ཕྱི་པོ་ད་དུང་ལས་ཚོགས་གྲོལ་མེད་དམ་ལས་ཀའི་རྣམ་འགྱུར་ཧ་ཅང་ཧུར་བརྩོན་རེད
卫藏地区_clwj66|ཁྱོད་ངོ་མ་གྲུང་པོ་རེད
卫藏地区_clwj67|ཞྭ་མོ་འདི་ངོ་མ་ཁྱོད་ལ་འཚམ
卫藏地区_clwj68|གློག་བརྙན་འདི་ཡག་པོ་འདུག
卫藏地区_clwj69|ཟ་ཁང་འདི་སྐད་གྲགས་ཆེན་པོ་འདུག
卫藏地区_clwj70|ད་ལོའི་གྲོ་སྐྱེས་པ་ཧ་ཅང་བཟང
卫藏地区_clwj71|ཆུ་འདི་ངོ་མ་དྭངས་མོ་རེད
卫藏地区_clwj72|ཁྱོད་ཀྱི་བྱིས་པ་ཐེངས་འདི་ཡང་ཨང་དང་པོ་ཡིན་ནམ
卫藏地区_clwj73|མགོ་ཡང་ན་བྱུང་ངམ
卫藏地区_clwj74|འདི་རུ་གྲལ་སྒྲིག་པའི་མི་ཧ་ཅང་མང
卫藏地区_clwj75|བརྙན་འཕྲིན་ལ་ལྟ་བཞིན་ཡོད་དམ
卫藏地区_clwj76|དེ་རིང་གི་གནམ་གཤིས་ངོ་མ་བཟང་གི
卫藏地区_clwj77|ཁྱོད་ཀྱི་ལུས་ཕུང་མི་བདེ་ངམ
卫藏地区_clwj78|མདང་དགོང་གཉིད་པ་བཟང་ངམ
卫藏地区_clwj79|ཁྱིམ་མི་ཚང་མ་བདེ་མོ་ཡིན་ནམ
卫藏地区_clwj80|ཉེ་ལམ་བདེ་མོ་ཡིན་ནམ
卫藏地区_clwj81|གཟུགས་པོ་ག་འདྲ་འདུག
卫藏地区_clwj82|ལས་བྱ་དྲིས་ཚར་རམ
卫藏地区_clwj83|ཁྱོད་གང་དུ་འགྲོ
卫藏地区_clwj84|ཟ་མ་ཟས་སམ
卫藏地区_clwj85|ཁྱོད་དང་འཕྲད་པ་དགའ་པོ་བྱུང
卫藏地区_clwj86|ཡུན་རིང་མ་ཐུག
卫藏地区_clwj87|བཀྲ་ཤིས་བདེ་ལེགས
卫藏地区_clwj88|གཉིད་སྐྱིད
卫藏地区_clwj89|ཉིན་གུང་བདེ་ལེགས
卫藏地区_clwj90|དགོང་མོ་བདེ་ལེགས
卫藏地区_clwj91|ཞོགས་པ་བདེ་ལེགས
卫藏地区_clwj92|ཀྱེ
卫藏地区_clwj93|ཚང་མ་ཁམས་བཟང
卫藏地区_clwj94|རྨོ་ལགས་ཁམས་བཟང
卫藏地区_clwj95|སློབ་གྲོགས་ཚོ་ཁམས་བཟང
卫藏地区_clwj96|འགོ་ཁྲིད་རྣམ་པ
卫藏地区_clwj97|གཅེན་མོ
卫藏地区_clwj98|གཅེན་པོ
卫藏地区_clwj99|སྤོ་ལགས
卫藏地区_clwj100|རྒན་ལགས་ཁམས་བཟང
卫藏地区_clwj101|ཁམས་བཟང
卫藏地区_gsyz101|བཀྲ་ཤིས་ཁྱོད་དྲང་མོ་ཤོད་ཟླ་འདི་དག་ལ་གང་ན་སོང་བ་ཡིན
卫藏地区_gsyz100|སངས་རྒྱས་ཆེན་པོ་ཁྱོད་ངའི་ལྷ་ཁང་ཆུང་ཆུང་འདིར་ཡོང་བའི་ཁོམ་པ་ཡོད་དམ
卫藏地区_gsyz99|སྒྲོལ་མ་ཁྱོད་ཡོང་བ་ཡིན་ནམ
卫藏地区_gsyz98|བཀྲ་ཤིས་ལམ་དུ་བདེ་མོ་ཡིན་ནམ
卫藏地区_gsyz97|བཀྲ་ཤིས་ཁྱོད་ཀྱི་ཨ་མ་ངོ་མ་གཞོན་པོ་རེད
卫藏地区_gsyz96|སྒྲོལ་མ་ཁྱོད་དེ་རིང་རྣམ་པ་ཡག་པོ་འདུག
卫藏地区_gsyz95|དགེ་རྒན་ཁྱོད་དེ་རིང་ངོ་མ་ཡག་གི
卫藏地区_gsyz94|མཚོ་མོ་ཁྱོད་ཀྱི་ངོ་གདོང་ཡག་པོ་འདུག
卫藏地区_gsyz93|ཨ་ཅེ་ཁྱོད་ཀྱིས་སྐྲ་ཚུགས་བརྗེ་བས་བལྟས་ཡོང་ན་ལོ་འགའ་ཡིས་གཞོན་པ་རེད
卫藏地区_gsyz92|བཀྲ་ཤིས་ཉེ་ལམ་གང་ན་ཡོད་དམ
卫藏地区_gsyz91|ཨ་རོག་ཡུན་རིང་མ་ཐུག
卫藏地区_gsyz90|དགེ་རྒན་ལགས་ཞོགས་པ་བདེ་ལེགས
卫藏地区_gsyz89|ཨ་དེ་རིང་ངོ་མ་འདུ་འཛི་ཆེ
卫藏地区_gsyz88|ཟླ་བ་གང་ལ་བུད་སོང
卫藏地区_gsyz87|འདི་ལྟར་འགྲོ་མི་ཐུབ་སྣུམ་ཟད་སོང་བ་ཡིན་ནམ
卫藏地区_gsyz86|ཁུག་མ་འདི་འདྲ་མང་པོ་དེ་རིང་མང་པོ་ཞིག་ཉོ་ཡོད་པ་འདྲ
卫藏地区_gsyz85|རླངས་འཁོར་འདི་འདྲ་བཟང་པོ་ཞིག་བཏང་ནས་མཚན་གཅིག་ལ་ཕྱུག་པོ་བྱུང་ཡོད་པ་འདྲ
卫藏地区_gsyz84|ཀོ་ལྷམ་འདི་འདྲའི་སྣུམ་པས་བྲོ་འཁྲབ་ཏུ་འགྲོ་རྒྱུ་ཡིན་ནམ
卫藏地区_gsyz83|འདི་འདྲ་ཡག་པོ་ཞིག་གྱོན་ནས་གཉེན་སློང་དུ་འགྲོ་རྒྱུ་ཡིན་ནམ
卫藏地区_gsyz82|གདོང་དཀར་པོར་གྱུར་འདུག་རྒྱ་ནག་ལ་སོང་པ་ཡིན་ནམ
卫藏地区_gsyz81|ངའི་མིག་ནང་དུ་བྱེ་མ་ཅུང་ཙམ་འཛུལ་ཡོད་པ་དེ་ཙམ་གསལ་པོ་མི་ཤེས
卫藏地区_gsyz80|ཉེ་ལམ་མིག་མདངས་ཅུང་མི་བཟང་མཐོང་ཡང་ཁ་ཡ་མི་བྱེད
卫藏地区_gsyz79|ཉེ་ལམ་གང་ན་བཞུགས་ཡོད
卫藏地区_gsyz78|ཅི་རེད་མི་དགའ་ས་ཅི་ཞིག་ཡོད་ན་ཤོད་ཚང་མ་དགའ་རུ་བཅུག
卫藏地区_gsyz77|ཉིན་འགའ་ལ་མིའི་གྲིབ་མ་མ་མཐོང་བར་ཡང་གང་ལ་སྐྱིད་པོ་བྱེད་དུ་བུད་སོང
卫藏地区_gsyz76|ཁྱོད་ཀྱི་གདོང་ལ་ལྟོས་དང་ཉེ་ལམ་ཉུང་ཉུང་མ་ཟོས་སམ
卫藏地区_gsyz75|ངའི་ཚབ་བྱས་ནས་ཁྱོད་ཀྱི་རྒན་རབས་པར་འཚམས་འདྲི་ཞིག་བྱེད
卫藏地区_gsyz74|དངོས་པོ་ཚང་མ་འཛོམས་ཡོད་དམ
卫藏地区_gsyz73|ཅ་ལག་འཁྱེར་རྒྱུ་མ་བརྗེད
卫藏地区_gsyz72|སང་ཉིན་དུས་ཐོག་ཏུ་ཤོག
卫藏地区_gsyz71|ཁོ་ལ་གསལ་འདེབས་བྱེད་རྒྱུ་མ་བརྗེད
卫藏地区_gsyz70|སླེབས་རྗེས་ང་ལ་ཁ་པར་གཏོང་རྒྱུ་མ་བརྗེད
卫藏地区_gsyz69|སང་ཉིན་གྱི་དོན་དག་མ་བརྗེད
卫藏地区_gsyz68|དེ་རིང་ཁྱོད་དཀའ་ལས་ཁག་སོང
卫藏地区_gsyz67|ལམ་དུ་གཟབ་གཟབ་བྱོས
卫藏地区_gsyz66|ཐེངས་རྗེས་མ་ཡོང
卫藏地区_gsyz65|ལམ་བདེ
卫藏地区_gsyz64|ཕེབས་པར་བཀའ་དྲིན་ཆེ
卫藏地区_gsyz63|ད་དུང་ཅུང་ཙམ་སྡོད་དམ
卫藏地区_gsyz62|ཐེངས་རྗེས་མ་བཤད
卫藏地区_gsyz61|ཁྱོད་ཡོང་བར་བཀའ་དྲིན་ཆེ་ང་ངོ་མ་དགའ་བྱུང
卫藏地区_gsyz60|བཀའ་དྲིན་ཆེ
卫藏地区_gsyz59|ག་ལེར་ཕེབས
卫藏地区_gsyz58|ཚེ་རིང
卫藏地区_gsyz57|ནང་དུ་ཤོག་ཚང་མ་ཇ་འཐུང
卫藏地区_gsyz56|ལམ་བར་དུ་དཀའ་ལས་ཁག་སོང
卫藏地区_gsyz55|ཕེབས་པར་དགའ་བསུ་ཞུ་མི་ག་ཚོད་ཡོད
卫藏地区_gsyz54|ངེད་ཚང་ལ་ཕེབས་པར་དགའ་བསུ་ཞུ་ཚང་མས་གང་འདོད་བྱོས
卫藏地区_gsyz53|ངོ་བསྟོད་བྱས་པར་བཀའ་དྲིན་ཆེ་ནང་དུ་ཤོག་དང་ནང་དུ་ཤོག
卫藏地区_gsyz52|ཁྱོད་གཞི་ནས་ཡོང་བ་རེད
卫藏地区_gsyz51|ཁྱོད་གཞི་ནས་ཡོང་བ་རེད
卫藏地区_gsyz50|མཚོ་མོ་ཁྱོད་ཀྱི་སྐྱེས་གཟུགས་ཇེ་ཡག་ནས་ཇེ་ཡག་རེད
卫藏地区_gsyz49|ངའི་ཁྱོད་ལ་དོན་དག་ཅིག་འདྲི་འདོད
卫藏地区_gsyz48|མུ་མཐུད་དུ་འབད་པ་བྱོས
卫藏地区_gsyz47|དོན་དག་འདི་ཁྱོད་ཀྱིས་སྒྲུབ་པ་ཧ་ཅང་ནན་ཏན་རེད
卫藏地区_gsyz46|ཁྱོད་ཉེ་ལམ་ཅི་ཞིག་ལས་བཞིན་ཡོད
卫藏地区_gsyz45|ཁྱོད་ཀྱིས་འབད་པ་དེ་ཙམ་བྱས་ན་རྗེས་ཕྱོགས་མདུན་ལམ་ཡོད་ཁོ་ཐག་ཡིན
卫藏地区_gsyz44|གཟིགས་སྐྱོང་མང་ཙམ་གནང་རོགས
卫藏地区_gsyz43|ཁྱོད་ལ་བཀྲ་ཤིས་བདེ་ལེགས་ཞུ
卫藏地区_gsyz42|ཐེངས་འདིར་ཨང་དང་པོ་བླངས་ངེད་ཚང་གི་བཀྲ་ཤིས་ངོ་མ་སྤྱང་གྲུང་ལྡན
卫藏地区_gsyz41|འདི་འདྲའི་སྔ་མོ་ཞིག་ལ་སློབ་ཁང་དུ་དཔེ་ཆ་བློ་འཛིན་དུ་ཡོང་བ་ཡིན་ནམ་ཡག་པོ་འདུག་མུ་མཐུད་དུ་འབད་པ་བྱོས
卫藏地区_gsyz40|གློག་བརྙན་གསར་པ་ཧ་ཅང་སེམས་འགུལ་ཐེབས་པ་ཞིག་རེད་མི་གྲགས་ཅན་གྱི་འཁྲབ་ཁྲིད་པའི་བརྩམས་ཆས་ཀྱིས་མི་ལ་ཡིད་ཆད་དུ་འཇུག་མི་སྲིད
卫藏地区_gsyz39|བྱིས་པ་འདི་ངོ་མ་སྙིང་རྗེ་མོ་འདུག
卫藏地区_gsyz38|ཁྱོད་ཀྱིས་ཉེ་ལམ་སློབ་སྦྱོང་ལ་འབད་པ་བྱེད་ཀྱིན་ཡོད་དམ
卫藏地区_gsyz37|ཁྱོད་འདི་འདྲ་ཕྱི་པོ་ད་དུང་ལས་ཚོགས་གྲོལ་མེད་དམ་ལས་ཀའི་རྣམ་འགྱུར་ཧ་ཅང་ཧུར་བརྩོན་རེད
卫藏地区_gsyz36|ཁྱོད་ངོ་མ་གྲུང་པོ་རེད
卫藏地区_gsyz35|ཞྭ་མོ་འདི་ངོ་མ་ཁྱོད་ལ་འཚམ
卫藏地区_gsyz34|གློག་བརྙན་འདི་ཡག་པོ་འདུག
卫藏地区_gsyz33|ཟ་ཁང་འདི་སྐད་གྲགས་ཆེན་པོ་འདུག
卫藏地区_gsyz32|ད་ལོའི་གྲོ་སྐྱེས་པ་ཧ་ཅང་བཟང
卫藏地区_gsyz31|ཆུ་འདི་ངོ་མ་དྭངས་མོ་རེད
卫藏地区_gsyz30|ཁྱོད་ཀྱི་བྱིས་པ་ཐེངས་འདི་ཡང་ཨང་དང་པོ་ཡིན་ནམ
卫藏地区_gsyz29|མགོ་ཡང་ན་བྱུང་ངམ
卫藏地区_gsyz28|འདི་རུ་གྲལ་སྒྲིག་པའི་མི་ཧ་ཅང་མང
卫藏地区_gsyz27|བརྙན་འཕྲིན་ལ་ལྟ་བཞིན་ཡོད་དམ
卫藏地区_gsyz26|དེ་རིང་གི་གནམ་གཤིས་ངོ་མ་བཟང་གི
卫藏地区_gsyz25|ཁྱོད་ཀྱི་ལུས་ཕུང་མི་བདེ་ངམ
卫藏地区_gsyz24|མདང་དགོང་གཉིད་པ་བཟང་ངམ
卫藏地区_gsyz23|ཁྱིམ་མི་ཚང་མ་བདེ་མོ་ཡིན་ནམ
卫藏地区_gsyz22|ཉེ་ལམ་བདེ་མོ་ཡིན་ནམ
卫藏地区_gsyz21|གཟུགས་པོ་ག་འདྲ་འདུག
卫藏地区_gsyz20|ལས་བྱ་དྲིས་ཚར་རམ
卫藏地区_gsyz19|ཁྱོད་གང་དུ་འགྲོ
卫藏地区_gsyz18|ཟ་མ་ཟས་སམ
卫藏地区_gsyz17|ཁྱོད་དང་འཕྲད་པ་དགའ་པོ་བྱུང
卫藏地区_gsyz16|ཡུན་རིང་མ་ཐུག
卫藏地区_gsyz15|བཀྲ་ཤིས་བདེ་ལེགས
卫藏地区_gsyz14|གཉིད་སྐྱིད
卫藏地区_gsyz13|ཉིན་གུང་བདེ་ལེགས
卫藏地区_gsyz12|དགོང་མོ་བདེ་ལེགས
卫藏地区_gsyz11|ཞོགས་པ་བདེ་ལེགས
卫藏地区_gsyz10|ཀྱེ
卫藏地区_gsyz9|ཚང་མ་ཁམས་བཟང
卫藏地区_gsyz8|རྨོ་ལགས་ཁམས་བཟང
卫藏地区_gsyz7|སློབ་གྲོགས་ཚོ་ཁམས་བཟང
卫藏地区_gsyz6|འགོ་ཁྲིད་རྣམ་པ
卫藏地区_gsyz5|གཅེན་མོ
卫藏地区_gsyz4|གཅེན་པོ
卫藏地区_gsyz3|སྤོ་ལགས
卫藏地区_gsyz2|རྒན་ལགས་ཁམས་བཟང
卫藏地区_gsyz1|ཁམས་བཟང
卫藏地区_jm101|བཀྲ་ཤིས་ཁྱོད་དྲང་མོ་ཤོད་ཟླ་འདི་དག་ལ་གང་ན་སོང་བ་ཡིན
卫藏地区_jm100|སངས་རྒྱས་ཆེན་པོ་ཁྱོད་ངའི་ལྷ་ཁང་ཆུང་ཆུང་འདིར་ཡོང་བའི་ཁོམ་པ་ཡོད་དམ
卫藏地区_jm99|སྒྲོལ་མ་ཁྱོད་ཡོང་བ་ཡིན་ནམ
卫藏地区_jm98|བཀྲ་ཤིས་ལམ་དུ་བདེ་མོ་ཡིན་ནམ
卫藏地区_jm97|བཀྲ་ཤིས་ཁྱོད་ཀྱི་ཨ་མ་ངོ་མ་གཞོན་པོ་རེད
卫藏地区_jm96|སྒྲོལ་མ་ཁྱོད་དེ་རིང་རྣམ་པ་ཡག་པོ་འདུག
卫藏地区_jm95|དགེ་རྒན་ཁྱོད་དེ་རིང་ངོ་མ་ཡག་གི
卫藏地区_jm94|མཚོ་མོ་ཁྱོད་ཀྱི་ངོ་གདོང་ཡག་པོ་འདུག
卫藏地区_jm93|ཨ་ཅེ་ཁྱོད་ཀྱིས་སྐྲ་ཚུགས་བརྗེ་བས་བལྟས་ཡོང་ན་ལོ་འགའ་ཡིས་གཞོན་པ་རེད
卫藏地区_jm92|བཀྲ་ཤིས་ཉེ་ལམ་གང་ན་ཡོད་དམ
卫藏地区_jm91|ཨ་རོག་ཡུན་རིང་མ་ཐུག
卫藏地区_jm90|དགེ་རྒན་ལགས་ཞོགས་པ་བདེ་ལེགས
卫藏地区_jm89|ཨ་དེ་རིང་ངོ་མ་འདུ་འཛི་ཆེ
卫藏地区_jm88|ཟླ་བ་གང་ལ་བུད་སོང
卫藏地区_jm87|འདི་ལྟར་འགྲོ་མི་ཐུབ་སྣུམ་ཟད་སོང་བ་ཡིན་ནམ
卫藏地区_jm86|ཁུག་མ་འདི་འདྲ་མང་པོ་དེ་རིང་མང་པོ་ཞིག་ཉོ་ཡོད་པ་འདྲ
卫藏地区_jm85|རླངས་འཁོར་འདི་འདྲ་བཟང་པོ་ཞིག་བཏང་ནས་མཚན་གཅིག་ལ་ཕྱུག་པོ་བྱུང་ཡོད་པ་འདྲ
卫藏地区_jm84|ཀོ་ལྷམ་འདི་འདྲའི་སྣུམ་པས་བྲོ་འཁྲབ་ཏུ་འགྲོ་རྒྱུ་ཡིན་ནམ
卫藏地区_jm83|འདི་འདྲ་ཡག་པོ་ཞིག་གྱོན་ནས་གཉེན་སློང་དུ་འགྲོ་རྒྱུ་ཡིན་ནམ
卫藏地区_jm82|གདོང་དཀར་པོར་གྱུར་འདུག་རྒྱ་ནག་ལ་སོང་པ་ཡིན་ནམ
卫藏地区_jm81|ངའི་མིག་ནང་དུ་བྱེ་མ་ཅུང་ཙམ་འཛུལ་ཡོད་པ་དེ་ཙམ་གསལ་པོ་མི་ཤེས
卫藏地区_jm80|ཉེ་ལམ་མིག་མདངས་ཅུང་མི་བཟང་མཐོང་ཡང་ཁ་ཡ་མི་བྱེད
卫藏地区_jm79|ཉེ་ལམ་གང་ན་བཞུགས་ཡོད
卫藏地区_jm78|ཅི་རེད་མི་དགའ་ས་ཅི་ཞིག་ཡོད་ན་ཤོད་ཚང་མ་དགའ་རུ་བཅུག
卫藏地区_jm77|ཉིན་འགའ་ལ་མིའི་གྲིབ་མ་མ་མཐོང་བར་ཡང་གང་ལ་སྐྱིད་པོ་བྱེད་དུ་བུད་སོང
卫藏地区_jm76|ཁྱོད་ཀྱི་གདོང་ལ་ལྟོས་དང་ཉེ་ལམ་ཉུང་ཉུང་མ་ཟོས་སམ
卫藏地区_jm75|ངའི་ཚབ་བྱས་ནས་ཁྱོད་ཀྱི་རྒན་རབས་པར་འཚམས་འདྲི་ཞིག་བྱེད
卫藏地区_jm74|དངོས་པོ་ཚང་མ་འཛོམས་ཡོད་དམ
卫藏地区_jm73|ཅ་ལག་འཁྱེར་རྒྱུ་མ་བརྗེད
卫藏地区_jm72|སང་ཉིན་དུས་ཐོག་ཏུ་ཤོག
卫藏地区_jm71|ཁོ་ལ་གསལ་འདེབས་བྱེད་རྒྱུ་མ་བརྗེད
卫藏地区_jm70|སླེབས་རྗེས་ང་ལ་ཁ་པར་གཏོང་རྒྱུ་མ་བརྗེད
卫藏地区_jm69|སང་ཉིན་གྱི་དོན་དག་མ་བརྗེད
卫藏地区_jm68|དེ་རིང་ཁྱོད་དཀའ་ལས་ཁག་སོང
卫藏地区_jm67|ལམ་དུ་གཟབ་གཟབ་བྱོས
卫藏地区_jm66|ཐེངས་རྗེས་མ་ཡོང
卫藏地区_jm65|ལམ་བདེ
卫藏地区_jm64|ཕེབས་པར་བཀའ་དྲིན་ཆེ
卫藏地区_jm63|ད་དུང་ཅུང་ཙམ་སྡོད་དམ
卫藏地区_jm62|ཐེངས་རྗེས་མ་བཤད
卫藏地区_jm61|ཁྱོད་ཡོང་བར་བཀའ་དྲིན་ཆེ་ང་ངོ་མ་དགའ་བྱུང
卫藏地区_jm60|བཀའ་དྲིན་ཆེ
卫藏地区_jm59|ག་ལེར་ཕེབས
卫藏地区_jm58|ཚེ་རིང
卫藏地区_jm57|ནང་དུ་ཤོག་ཚང་མ་ཇ་འཐུང
卫藏地区_jm56|ལམ་བར་དུ་དཀའ་ལས་ཁག་སོང
卫藏地区_jm55|ཕེབས་པར་དགའ་བསུ་ཞུ་མི་ག་ཚོད་ཡོད
卫藏地区_jm54|ངེད་ཚང་ལ་ཕེབས་པར་དགའ་བསུ་ཞུ་ཚང་མས་གང་འདོད་བྱོས
卫藏地区_jm53|ངོ་བསྟོད་བྱས་པར་བཀའ་དྲིན་ཆེ་ནང་དུ་ཤོག་དང་ནང་དུ་ཤོག
卫藏地区_jm52|ཁྱོད་གཞི་ནས་ཡོང་བ་རེད
卫藏地区_jm51|ཁྱོད་གཞི་ནས་ཡོང་བ་རེད
卫藏地区_jm50|མཚོ་མོ་ཁྱོད་ཀྱི་སྐྱེས་གཟུགས་ཇེ་ཡག་ནས་ཇེ་ཡག་རེད
卫藏地区_jm49|ངའི་ཁྱོད་ལ་དོན་དག་ཅིག་འདྲི་འདོད
卫藏地区_jm48|མུ་མཐུད་དུ་འབད་པ་བྱོས
卫藏地区_jm47|དོན་དག་འདི་ཁྱོད་ཀྱིས་སྒྲུབ་པ་ཧ་ཅང་ནན་ཏན་རེད
卫藏地区_jm46|ཁྱོད་ཉེ་ལམ་ཅི་ཞིག་ལས་བཞིན་ཡོད
卫藏地区_jm45|ཁྱོད་ཀྱིས་འབད་པ་དེ་ཙམ་བྱས་ན་རྗེས་ཕྱོགས་མདུན་ལམ་ཡོད་ཁོ་ཐག་ཡིན
卫藏地区_jm44|གཟིགས་སྐྱོང་མང་ཙམ་གནང་རོགས
卫藏地区_jm43|ཁྱོད་ལ་བཀྲ་ཤིས་བདེ་ལེགས་ཞུ
卫藏地区_jm42|ཐེངས་འདིར་ཨང་དང་པོ་བླངས་ངེད་ཚང་གི་བཀྲ་ཤིས་ངོ་མ་སྤྱང་གྲུང་ལྡན
卫藏地区_jm41|འདི་འདྲའི་སྔ་མོ་ཞིག་ལ་སློབ་ཁང་དུ་དཔེ་ཆ་བློ་འཛིན་དུ་ཡོང་བ་ཡིན་ནམ་ཡག་པོ་འདུག་མུ་མཐུད་དུ་འབད་པ་བྱོས
卫藏地区_jm40|གློག་བརྙན་གསར་པ་ཧ་ཅང་སེམས་འགུལ་ཐེབས་པ་ཞིག་རེད་མི་གྲགས་ཅན་གྱི་འཁྲབ་ཁྲིད་པའི་བརྩམས་ཆས་ཀྱིས་མི་ལ་ཡིད་ཆད་དུ་འཇུག་མི་སྲིད
卫藏地区_jm39|བྱིས་པ་འདི་ངོ་མ་སྙིང་རྗེ་མོ་འདུག
卫藏地区_jm38|ཁྱོད་ཀྱིས་ཉེ་ལམ་སློབ་སྦྱོང་ལ་འབད་པ་བྱེད་ཀྱིན་ཡོད་དམ
卫藏地区_jm37|ཁྱོད་འདི་འདྲ་ཕྱི་པོ་ད་དུང་ལས་ཚོགས་གྲོལ་མེད་དམ་ལས་ཀའི་རྣམ་འགྱུར་ཧ་ཅང་ཧུར་བརྩོན་རེད
卫藏地区_jm36|ཁྱོད་ངོ་མ་གྲུང་པོ་རེད
卫藏地区_jm35|ཞྭ་མོ་འདི་ངོ་མ་ཁྱོད་ལ་འཚམ
卫藏地区_jm34|གློག་བརྙན་འདི་ཡག་པོ་འདུག
卫藏地区_jm33|ཟ་ཁང་འདི་སྐད་གྲགས་ཆེན་པོ་འདུག
卫藏地区_jm32|ད་ལོའི་གྲོ་སྐྱེས་པ་ཧ་ཅང་བཟང
卫藏地区_jm31|ཆུ་འདི་ངོ་མ་དྭངས་མོ་རེད
卫藏地区_jm30|ཁྱོད་ཀྱི་བྱིས་པ་ཐེངས་འདི་ཡང་ཨང་དང་པོ་ཡིན་ནམ
卫藏地区_jm29|མགོ་ཡང་ན་བྱུང་ངམ
卫藏地区_jm28|འདི་རུ་གྲལ་སྒྲིག་པའི་མི་ཧ་ཅང་མང
卫藏地区_jm27|བརྙན་འཕྲིན་ལ་ལྟ་བཞིན་ཡོད་དམ
卫藏地区_jm26|དེ་རིང་གི་གནམ་གཤིས་ངོ་མ་བཟང་གི
卫藏地区_jm25|ཁྱོད་ཀྱི་ལུས་ཕུང་མི་བདེ་ངམ
卫藏地区_jm24|མདང་དགོང་གཉིད་པ་བཟང་ངམ
卫藏地区_jm23|ཁྱིམ་མི་ཚང་མ་བདེ་མོ་ཡིན་ནམ
卫藏地区_jm22|ཉེ་ལམ་བདེ་མོ་ཡིན་ནམ
卫藏地区_jm21|གཟུགས་པོ་ག་འདྲ་འདུག
卫藏地区_jm20|ལས་བྱ་དྲིས་ཚར་རམ
卫藏地区_jm19|ཁྱོད་གང་དུ་འགྲོ
卫藏地区_jm18|ཟ་མ་ཟས་སམ
卫藏地区_jm17|ཁྱོད་དང་འཕྲད་པ་དགའ་པོ་བྱུང
卫藏地区_jm16|ཡུན་རིང་མ་ཐུག
卫藏地区_jm15|བཀྲ་ཤིས་བདེ་ལེགས
卫藏地区_jm14|གཉིད་སྐྱིད
卫藏地区_jm13|ཉིན་གུང་བདེ་ལེགས
卫藏地区_jm12|དགོང་མོ་བདེ་ལེགས
卫藏地区_jm11|ཞོགས་པ་བདེ་ལེགས
卫藏地区_jm10|ཀྱེ
卫藏地区_jm9|ཚང་མ་ཁམས་བཟང
卫藏地区_jm8|རྨོ་ལགས་ཁམས་བཟང
卫藏地区_jm7|སློབ་གྲོགས་ཚོ་ཁམས་བཟང
卫藏地区_jm6|འགོ་ཁྲིད་རྣམ་པ
卫藏地区_jm5|གཅེན་མོ
卫藏地区_jm4|གཅེན་པོ
卫藏地区_jm3|སྤོ་ལགས
卫藏地区_jm2|རྒན་ལགས་ཁམས་བཟང
卫藏地区_jm1|ཁམས་བཟང
卫藏地区_crqz101|བཀྲ་ཤིས་ཁྱོད་དྲང་མོ་ཤོད་ཟླ་འདི་དག་ལ་གང་ན་སོང་བ་ཡིན
卫藏地区_crqz100|སངས་རྒྱས་ཆེན་པོ་ཁྱོད་ངའི་ལྷ་ཁང་ཆུང་ཆུང་འདིར་ཡོང་བའི་ཁོམ་པ་ཡོད་དམ
卫藏地区_crqz99|སྒྲོལ་མ་ཁྱོད་ཡོང་བ་ཡིན་ནམ
卫藏地区_crqz98|བཀྲ་ཤིས་ལམ་དུ་བདེ་མོ་ཡིན་ནམ
卫藏地区_crqz97|བཀྲ་ཤིས་ཁྱོད་ཀྱི་ཨ་མ་ངོ་མ་གཞོན་པོ་རེད
卫藏地区_crqz96|སྒྲོལ་མ་ཁྱོད་དེ་རིང་རྣམ་པ་ཡག་པོ་འདུག
卫藏地区_crqz95|དགེ་རྒན་ཁྱོད་དེ་རིང་ངོ་མ་ཡག་གི
卫藏地区_crqz94|མཚོ་མོ་ཁྱོད་ཀྱི་ངོ་གདོང་ཡག་པོ་འདུག
卫藏地区_crqz93|ཨ་ཅེ་ཁྱོད་ཀྱིས་སྐྲ་ཚུགས་བརྗེ་བས་བལྟས་ཡོང་ན་ལོ་འགའ་ཡིས་གཞོན་པ་རེད
卫藏地区_crqz92|བཀྲ་ཤིས་ཉེ་ལམ་གང་ན་ཡོད་དམ
卫藏地区_crqz91|ཨ་རོག་ཡུན་རིང་མ་ཐུག
卫藏地区_crqz90|དགེ་རྒན་ལགས་ཞོགས་པ་བདེ་ལེགས
卫藏地区_crqz89|ཨ་དེ་རིང་ངོ་མ་འདུ་འཛི་ཆེ
卫藏地区_crqz88|ཟླ་བ་གང་ལ་བུད་སོང
卫藏地区_crqz87|འདི་ལྟར་འགྲོ་མི་ཐུབ་སྣུམ་ཟད་སོང་བ་ཡིན་ནམ
卫藏地区_crqz86|ཁུག་མ་འདི་འདྲ་མང་པོ་དེ་རིང་མང་པོ་ཞིག་ཉོ་ཡོད་པ་འདྲ
卫藏地区_crqz85|རླངས་འཁོར་འདི་འདྲ་བཟང་པོ་ཞིག་བཏང་ནས་མཚན་གཅིག་ལ་ཕྱུག་པོ་བྱུང་ཡོད་པ་འདྲ
卫藏地区_crqz84|ཀོ་ལྷམ་འདི་འདྲའི་སྣུམ་པས་བྲོ་འཁྲབ་ཏུ་འགྲོ་རྒྱུ་ཡིན་ནམ
卫藏地区_crqz83|འདི་འདྲ་ཡག་པོ་ཞིག་གྱོན་ནས་གཉེན་སློང་དུ་འགྲོ་རྒྱུ་ཡིན་ནམ
卫藏地区_crqz82|གདོང་དཀར་པོར་གྱུར་འདུག་རྒྱ་ནག་ལ་སོང་པ་ཡིན་ནམ
卫藏地区_crqz81|ངའི་མིག་ནང་དུ་བྱེ་མ་ཅུང་ཙམ་འཛུལ་ཡོད་པ་དེ་ཙམ་གསལ་པོ་མི་ཤེས
卫藏地区_crqz80|ཉེ་ལམ་མིག་མདངས་ཅུང་མི་བཟང་མཐོང་ཡང་ཁ་ཡ་མི་བྱེད
卫藏地区_crqz79|ཉེ་ལམ་གང་ན་བཞུགས་ཡོད
卫藏地区_crqz78|ཅི་རེད་མི་དགའ་ས་ཅི་ཞིག་ཡོད་ན་ཤོད་ཚང་མ་དགའ་རུ་བཅུག
卫藏地区_crqz77|ཉིན་འགའ་ལ་མིའི་གྲིབ་མ་མ་མཐོང་བར་ཡང་གང་ལ་སྐྱིད་པོ་བྱེད་དུ་བུད་སོང
卫藏地区_crqz76|ཁྱོད་ཀྱི་གདོང་ལ་ལྟོས་དང་ཉེ་ལམ་ཉུང་ཉུང་མ་ཟོས་སམ
卫藏地区_crqz75|ངའི་ཚབ་བྱས་ནས་ཁྱོད་ཀྱི་རྒན་རབས་པར་འཚམས་འདྲི་ཞིག་བྱེད
卫藏地区_crqz74|དངོས་པོ་ཚང་མ་འཛོམས་ཡོད་དམ
卫藏地区_crqz73|ཅ་ལག་འཁྱེར་རྒྱུ་མ་བརྗེད
卫藏地区_crqz72|སང་ཉིན་དུས་ཐོག་ཏུ་ཤོག
卫藏地区_crqz71|ཁོ་ལ་གསལ་འདེབས་བྱེད་རྒྱུ་མ་བརྗེད
卫藏地区_crqz70|སླེབས་རྗེས་ང་ལ་ཁ་པར་གཏོང་རྒྱུ་མ་བརྗེད
卫藏地区_crqz69|སང་ཉིན་གྱི་དོན་དག་མ་བརྗེད
卫藏地区_crqz68|དེ་རིང་ཁྱོད་དཀའ་ལས་ཁག་སོང
卫藏地区_crqz67|ལམ་དུ་གཟབ་གཟབ་བྱོས
卫藏地区_crqz66|ཐེངས་རྗེས་མ་ཡོང
卫藏地区_crqz65|ལམ་བདེ
卫藏地区_crqz64|ཕེབས་པར་བཀའ་དྲིན་ཆེ
卫藏地区_crqz63|ད་དུང་ཅུང་ཙམ་སྡོད་དམ
卫藏地区_crqz62|ཐེངས་རྗེས་མ་བཤད
卫藏地区_crqz61|ཁྱོད་ཡོང་བར་བཀའ་དྲིན་ཆེ་ང་ངོ་མ་དགའ་བྱུང
卫藏地区_crqz60|བཀའ་དྲིན་ཆེ
卫藏地区_crqz59|ག་ལེར་ཕེབས
卫藏地区_crqz58|ཚེ་རིང
卫藏地区_crqz57|ནང་དུ་ཤོག་ཚང་མ་ཇ་འཐུང
卫藏地区_crqz56|ལམ་བར་དུ་དཀའ་ལས་ཁག་སོང
卫藏地区_crqz55|ཕེབས་པར་དགའ་བསུ་ཞུ་མི་ག་ཚོད་ཡོད
卫藏地区_crqz54|ངེད་ཚང་ལ་ཕེབས་པར་དགའ་བསུ་ཞུ་ཚང་མས་གང་འདོད་བྱོས
卫藏地区_crqz53|ངོ་བསྟོད་བྱས་པར་བཀའ་དྲིན་ཆེ་ནང་དུ་ཤོག་དང་ནང་དུ་ཤོག
卫藏地区_crqz52|ཁྱོད་གཞི་ནས་ཡོང་བ་རེད
卫藏地区_crqz51|ཁྱོད་གཞི་ནས་ཡོང་བ་རེད
卫藏地区_crqz50|མཚོ་མོ་ཁྱོད་ཀྱི་སྐྱེས་གཟུགས་ཇེ་ཡག་ནས་ཇེ་ཡག་རེད
卫藏地区_crqz49|ངའི་ཁྱོད་ལ་དོན་དག་ཅིག་འདྲི་འདོད
卫藏地区_crqz48|མུ་མཐུད་དུ་འབད་པ་བྱོས
卫藏地区_crqz47|དོན་དག་འདི་ཁྱོད་ཀྱིས་སྒྲུབ་པ་ཧ་ཅང་ནན་ཏན་རེད
卫藏地区_crqz46|ཁྱོད་ཉེ་ལམ་ཅི་ཞིག་ལས་བཞིན་ཡོད
卫藏地区_crqz45|ཁྱོད་ཀྱིས་འབད་པ་དེ་ཙམ་བྱས་ན་རྗེས་ཕྱོགས་མདུན་ལམ་ཡོད་ཁོ་ཐག་ཡིན
卫藏地区_crqz44|གཟིགས་སྐྱོང་མང་ཙམ་གནང་རོགས
卫藏地区_crqz43|ཁྱོད་ལ་བཀྲ་ཤིས་བདེ་ལེགས་ཞུ
卫藏地区_crqz42|ཐེངས་འདིར་ཨང་དང་པོ་བླངས་ངེད་ཚང་གི་བཀྲ་ཤིས་ངོ་མ་སྤྱང་གྲུང་ལྡན
卫藏地区_crqz41|འདི་འདྲའི་སྔ་མོ་ཞིག་ལ་སློབ་ཁང་དུ་དཔེ་ཆ་བློ་འཛིན་དུ་ཡོང་བ་ཡིན་ནམ་ཡག་པོ་འདུག་མུ་མཐུད་དུ་འབད་པ་བྱོས
卫藏地区_crqz40|གློག་བརྙན་གསར་པ་ཧ་ཅང་སེམས་འགུལ་ཐེབས་པ་ཞིག་རེད་མི་གྲགས་ཅན་གྱི་འཁྲབ་ཁྲིད་པའི་བརྩམས་ཆས་ཀྱིས་མི་ལ་ཡིད་ཆད་དུ་འཇུག་མི་སྲིད
卫藏地区_crqz39|བྱིས་པ་འདི་ངོ་མ་སྙིང་རྗེ་མོ་འདུག
卫藏地区_crqz38|ཁྱོད་ཀྱིས་ཉེ་ལམ་སློབ་སྦྱོང་ལ་འབད་པ་བྱེད་ཀྱིན་ཡོད་དམ
卫藏地区_crqz37|ཁྱོད་འདི་འདྲ་ཕྱི་པོ་ད་དུང་ལས་ཚོགས་གྲོལ་མེད་དམ་ལས་ཀའི་རྣམ་འགྱུར་ཧ་ཅང་ཧུར་བརྩོན་རེད
卫藏地区_crqz36|ཁྱོད་ངོ་མ་གྲུང་པོ་རེད
卫藏地区_crqz35|ཞྭ་མོ་འདི་ངོ་མ་ཁྱོད་ལ་འཚམ
卫藏地区_crqz34|གློག་བརྙན་འདི་ཡག་པོ་འདུག
卫藏地区_crqz33|ཟ་ཁང་འདི་སྐད་གྲགས་ཆེན་པོ་འདུག
卫藏地区_crqz32|ད་ལོའི་གྲོ་སྐྱེས་པ་ཧ་ཅང་བཟང
卫藏地区_crqz31|ཆུ་འདི་ངོ་མ་དྭངས་མོ་རེད
卫藏地区_crqz30|ཁྱོད་ཀྱི་བྱིས་པ་ཐེངས་འདི་ཡང་ཨང་དང་པོ་ཡིན་ནམ
卫藏地区_crqz29|མགོ་ཡང་ན་བྱུང་ངམ
卫藏地区_crqz28|འདི་རུ་གྲལ་སྒྲིག་པའི་མི་ཧ་ཅང་མང
卫藏地区_crqz27|བརྙན་འཕྲིན་ལ་ལྟ་བཞིན་ཡོད་དམ
卫藏地区_crqz26|དེ་རིང་གི་གནམ་གཤིས་ངོ་མ་བཟང་གི
卫藏地区_crqz25|ཁྱོད་ཀྱི་ལུས་ཕུང་མི་བདེ་ངམ
卫藏地区_crqz24|མདང་དགོང་གཉིད་པ་བཟང་ངམ
卫藏地区_crqz23|ཁྱིམ་མི་ཚང་མ་བདེ་མོ་ཡིན་ནམ
卫藏地区_crqz22|ཉེ་ལམ་བདེ་མོ་ཡིན་ནམ
卫藏地区_crqz21|གཟུགས་པོ་ག་འདྲ་འདུག
卫藏地区_crqz20|ལས་བྱ་དྲིས་ཚར་རམ
卫藏地区_crqz19|ཁྱོད་གང་དུ་འགྲོ
卫藏地区_crqz18|ཟ་མ་ཟས་སམ
卫藏地区_crqz17|ཁྱོད་དང་འཕྲད་པ་དགའ་པོ་བྱུང
卫藏地区_crqz16|ཡུན་རིང་མ་ཐུག
卫藏地区_crqz15|བཀྲ་ཤིས་བདེ་ལེགས
卫藏地区_crqz14|གཉིད་སྐྱིད
卫藏地区_crqz13|ཉིན་གུང་བདེ་ལེགས
卫藏地区_crqz12|དགོང་མོ་བདེ་ལེགས
卫藏地区_crqz11|ཞོགས་པ་བདེ་ལེགས
卫藏地区_crqz10|ཀྱེ
卫藏地区_crqz9|ཚང་མ་ཁམས་བཟང
卫藏地区_crqz8|རྨོ་ལགས་ཁམས་བཟང
卫藏地区_crqz7|སློབ་གྲོགས་ཚོ་ཁམས་བཟང
卫藏地区_crqz6|འགོ་ཁྲིད་རྣམ་པ
卫藏地区_crqz5|གཅེན་མོ
卫藏地区_crqz4|གཅེན་པོ
卫藏地区_crqz3|སྤོ་ལགས
卫藏地区_crqz2|རྒན་ལགས་ཁམས་བཟང
卫藏地区_crqz1|ཁམས་བཟང